symbol,max_return_factor,start_price,end_price,return_start_date,return_end_date,return_period_days,marketCap,industry
AQB,3679.17,0.14,529.8,2017-01-09,2017-01-11,2,3466946.0,Farm Products
GPOR,1491.42,0.13,198.21,2020-11-23,2025-05-13,1631,3430912000.0,Oil & Gas E&P
DCTH,1190.5,0.02,23.81,2017-06-02,2021-02-10,1349,600403712.0,Medical Devices
LCFYW,1069.25,0.2,213.85,2022-12-08,2025-02-06,791,,Internet Content & Information
LINE,886.18,0.1,86.58,2016-05-17,2024-08-08,3005,11412106240.0,REIT - Industrial
SDSTW,777.78,0.0,0.7,2023-10-03,2024-09-20,353,,Electrical Equipment & Parts
NRXPW,678.26,0.02,15.6,2020-04-07,2021-02-08,307,,Biotechnology
OXBRW,586.67,0.0,0.88,2018-12-31,2025-02-20,2243,2293436.0,Insurance - Reinsurance
CORZW,536.0,0.02,12.06,2022-12-30,2024-11-22,693,,Software - Infrastructure
SN,510.44,0.22,114.44,2019-01-03,2025-02-13,2233,13721878528.0,"Furnishings, Fixtures & Appliances"
ENPH,480.69,0.7,336.0,2017-05-18,2022-12-02,2024,6204779008.0,Solar
CBL,472.9,0.07,31.59,2020-11-02,2025-02-14,1565,771845760.0,REIT - Retail
NVNIW,399.71,0.0,0.28,2022-11-30,2025-02-03,796,,Software - Application
ERNA,379.23,4.14,1570.0,2016-06-16,2021-05-03,1782,14301147.0,Biotechnology
CORZ,357.45,0.05,18.23,2022-12-21,2024-11-22,702,3210521344.0,Software - Infrastructure
DXF,345.14,0.09,30.51,2024-09-16,2025-02-04,141,1659580.0,Credit Services
FUFUW,257.92,0.0,0.62,2022-12-02,2024-03-04,458,,Capital Markets
VAL,249.94,0.32,79.98,2020-06-01,2024-07-15,1505,2585490176.0,Oil & Gas Equipment & Services
PDYNW,246.25,0.0,0.98,2023-12-28,2024-12-27,365,,Software - Infrastructure
NAMSW,245.86,0.06,14.85,2022-06-09,2024-12-18,923,,Biotechnology
LGCY,245.06,0.04,9.68,2019-06-27,2025-02-13,2058,109073088.0,Education & Training Services
NVDA,242.8,0.62,149.42,2016-02-08,2025-01-06,3255,3214285733888.0,Semiconductors
AISPW,239.6,0.01,2.42,2022-10-26,2025-02-14,842,,Software - Infrastructure
SOUNW,225.6,0.08,16.92,2022-12-19,2024-12-19,731,,Software - Application
AMR,221.66,2.0,442.21,2020-03-24,2024-02-26,1434,1584206208.0,Coking Coal
SRL,218.33,0.06,12.27,2017-04-03,2021-07-21,1570,102718536.0,Capital Markets
BBLGW,209.67,0.45,95.0,2023-06-09,2025-02-10,612,,Medical Devices
PTIXW,209.54,0.0,0.27,2025-04-22,2025-05-21,29,,Biotechnology
CIVI,209.41,0.35,73.25,2017-04-28,2023-09-14,2330,2550576384.0,Oil & Gas E&P
DBD,199.56,0.25,49.89,2023-05-26,2024-11-06,530,1779723776.0,Software - Application
TLSIW,196.4,0.01,2.18,2022-10-05,2024-05-28,601,,Medical Devices
MARA,192.0,0.4,76.09,2020-03-18,2021-11-09,601,5574539776.0,Capital Markets
SD,189.02,0.11,20.83,2016-01-06,2022-06-07,2343,360633216.0,Oil & Gas E&P
EGO,180.53,0.11,20.4,2018-11-29,2025-05-06,2349,4068305920.0,Gold
FCEL,180.39,4.65,838.8,2019-06-25,2021-02-09,595,95773736.0,Electrical Equipment & Parts
SAVA,176.86,0.76,135.3,2018-12-24,2021-07-28,946,99031192.0,Biotechnology
SHOTW,176.4,0.02,2.84,2023-06-29,2023-12-04,158,,Beverages - Non-Alcoholic
RGTIW,176.35,0.05,8.8,2023-05-12,2025-01-02,601,,Computer Hardware
REE,174.52,1.86,324.6,2016-02-08,2021-08-09,2008,22199778.0,Auto Parts
BIOA,161.54,0.16,25.83,2018-02-08,2024-10-21,2446,139815008.0,Drug Manufacturers - Specialty & Generic
OCSAW,161.3,0.07,11.29,2022-07-18,2025-01-31,928,,
APPS,160.41,0.59,94.74,2016-12-08,2021-03-01,1544,435779072.0,Software - Application
MVIS,158.99,0.17,26.44,2020-03-16,2021-04-26,406,264217712.0,Scientific & Technical Instruments
ASTI,151.59,1200.0,181904.0,2022-01-31,2022-08-24,204,3065288.0,Solar
VEEAW,151.52,0.0,0.5,2023-06-15,2024-03-27,286,,Information Technology Services
LOTWW,150.53,0.01,1.43,2022-12-12,2024-05-29,533,,Auto Manufacturers
RGC,146.72,3.2,470.02,2024-07-16,2025-05-12,300,5400353280.0,Drug Manufacturers - Specialty & Generic
GRVY,145.98,1.5,218.97,2016-02-11,2020-12-21,1775,454388576.0,Electronic Gaming & Multimedia
KDLYW,140.85,0.1,14.08,2024-11-19,2025-05-21,182,,Medical Care Facilities
MI,140.1,19.2,2690.0,2019-08-12,2021-03-23,589,12713526.0,Internet Retail
VSSYW,133.33,0.0,0.28,2022-12-20,2024-06-07,534,,Software - Application
CNCKW,132.69,0.03,3.45,2023-12-14,2024-12-05,357,,Capital Markets
GME,124.11,0.7,86.88,2020-04-03,2021-01-27,299,12546792448.0,Specialty Retail
BULLW,121.75,0.04,4.87,2023-10-23,2025-05-08,563,,Software - Application
CDNA,121.67,0.79,95.6,2017-04-27,2021-01-20,1364,949352512.0,Diagnostics & Research
TVGNW,120.0,0.0,0.12,2022-12-12,2023-03-29,106,,Biotechnology
RIOT,119.85,0.65,77.9,2020-03-18,2021-02-17,336,3158213888.0,Capital Markets
AMD,117.43,1.8,211.38,2016-01-20,2024-03-07,2969,181694087168.0,Semiconductors
LEU,114.14,1.04,118.71,2016-01-15,2025-02-12,3316,1590261504.0,Uranium
ELA,109.41,0.08,8.37,2016-01-25,2022-08-10,2388,168968800.0,Luxury Goods
DRS,109.18,0.38,42.0,2016-01-28,2025-05-02,3381,10820211712.0,Aerospace & Defense
AIRJW,109.04,0.02,1.81,2023-06-27,2024-05-28,336,,Building Products & Equipment
AENTW,108.32,0.01,0.65,2023-12-12,2024-12-30,384,,Entertainment
MRNOW,104.77,0.0,0.37,2023-01-12,2025-03-21,798,,Real Estate - Development
GRRRW,104.76,0.02,2.2,2023-11-27,2025-03-05,464,,Software - Infrastructure
AMPGW,103.6,0.01,1.2,2024-11-21,2024-12-27,36,,Communication Equipment
HKD,103.58,16.21,1679.0,2022-07-15,2022-08-02,18,648357568.0,Software - Application
VKTX,101.61,0.93,94.5,2017-08-02,2024-02-28,2401,3060447488.0,Biotechnology
WKHS,96.14,107.5,10335.0,2018-12-18,2021-02-04,779,6290540.0,Auto Manufacturers
DJTWW,94.8,0.43,40.5,2021-10-11,2024-10-29,1114,4537750528.0,Internet Content & Information
ALF,94.42,0.11,10.49,2022-10-24,2025-05-15,934,376265632.0,Shell Companies
WGS,94.33,1.24,116.97,2023-11-13,2025-04-29,532,1933980288.0,Diagnostics & Research
NVVEW,94.25,0.04,3.77,2020-05-04,2020-11-25,205,,Specialty Retail
CELH,92.41,1.04,96.11,2018-12-21,2024-03-13,1908,9428165632.0,Beverages - Non-Alcoholic
NOTV,91.8,0.63,57.88,2016-11-23,2021-11-19,1822,69393056.0,Diagnostics & Research
USARW,91.04,0.04,3.3,2023-12-18,2025-04-16,484,,Other Industrial Metals & Mining
DAVEW,90.0,0.01,0.9,2023-11-06,2025-05-21,561,,Software - Application
BTBT,88.7,0.33,29.27,2020-03-25,2021-01-04,285,502830016.0,Capital Markets
NXLIW,88.67,0.01,0.66,2024-01-16,2024-11-19,308,,Medical Devices
SHOP,87.46,1.93,169.06,2016-02-12,2021-11-19,2107,132276232192.0,Software - Application
MDAIW,87.24,0.01,0.86,2022-10-31,2024-12-30,791,,Medical Devices
NVAX,86.7,3.69,319.93,2019-11-20,2021-02-08,446,1151606784.0,Biotechnology
PLUG,86.09,0.85,73.18,2017-02-09,2021-01-26,1447,826331968.0,Electrical Equipment & Parts
SLNO,86.08,0.89,76.78,2022-12-15,2025-05-09,875,3693872896.0,Biotechnology
CAMT,85.03,1.61,137.24,2016-01-20,2024-07-08,3091,2950982912.0,Semiconductor Equipment & Materials
VXRT,84.44,0.28,23.33,2019-11-22,2021-02-02,438,104366384.0,Biotechnology
TDACW,83.79,0.04,3.74,2020-04-28,2021-02-19,297,2887040.0,Shell Companies
LTRYW,83.79,0.04,3.74,2020-04-28,2021-02-19,297,,
MPU,82.44,0.16,13.19,2020-04-06,2021-09-29,541,35912800.0,Entertainment
INOD,82.26,0.78,64.17,2020-04-01,2025-02-26,1792,1105053952.0,Information Technology Services
CVNA,82.13,3.72,305.52,2022-12-27,2025-05-14,868,34159048704.0,Auto & Truck Dealerships
ARQQW,80.92,0.05,4.14,2024-01-11,2024-12-27,351,,Software - Infrastructure
OCGN,80.58,0.2,15.81,2020-07-14,2021-02-08,209,242385728.0,Biotechnology
MTEKW,79.21,0.02,1.6,2023-12-29,2025-01-06,374,,Electronic Components
FATE,78.7,1.49,117.4,2016-05-19,2021-01-14,1701,134120608.0,Biotechnology
SDAWW,78.59,0.01,0.79,2022-11-01,2023-08-08,280,,
CYRX,78.13,1.07,83.29,2016-02-09,2021-11-04,2094,307842400.0,Integrated Freight & Logistics
KOSS,78.05,0.82,64.0,2020-04-03,2021-01-29,301,55223460.0,Consumer Electronics
SMCI,75.92,1.56,118.81,2018-08-22,2024-03-13,2030,24857468928.0,Computer Hardware
PR,75.86,0.23,17.25,2020-04-01,2024-04-09,1469,10374313984.0,Oil & Gas E&P
ATNFW,74.9,0.04,2.68,2020-05-21,2021-04-12,326,,Biotechnology
OBE,74.53,0.16,11.85,2020-03-27,2022-06-08,803,334259552.0,Oil & Gas E&P
WORX,74.47,2.42,180.3,2018-08-06,2020-04-13,616,973820.0,Health Information Services
SEZL,74.45,1.36,101.1,2023-10-27,2025-05-21,572,3299005184.0,Credit Services
ILLRW,73.35,0.01,0.44,2023-12-27,2024-06-11,166,,Software - Application
ARWR,72.96,1.24,90.47,2016-12-16,2021-02-05,1512,2114311040.0,Biotechnology
AR,72.2,0.67,48.31,2020-04-01,2022-06-07,797,12144711680.0,Oil & Gas E&P
AMTX,70.67,0.37,26.19,2020-03-18,2021-04-08,386,94681680.0,Specialty Chemicals
CLNNW,69.89,0.04,2.45,2020-05-12,2021-07-13,427,,Packaged Foods
UAVS,69.21,227.0,15710.0,2019-08-19,2021-02-10,541,10095217.0,Computer Hardware
AXSM,68.88,2.0,137.75,2018-12-27,2025-02-21,2248,5207241728.0,Biotechnology
TNDM,68.4,2.24,153.21,2017-11-03,2021-12-28,1516,1442045824.0,Medical Devices
BGFV,68.05,0.5,34.22,2020-04-03,2021-11-11,587,26740466.0,Specialty Retail
ADNWW,68.0,0.06,4.08,2020-03-23,2021-01-14,297,,Electrical Equipment & Parts
CRC,68.0,0.86,58.64,2020-04-01,2024-11-22,1696,3781911808.0,Oil & Gas E&P
LNTH,67.55,1.83,123.62,2016-02-08,2024-07-11,3075,5197928960.0,Drug Manufacturers - Specialty & Generic
RZLVW,66.67,0.02,1.0,2023-01-04,2024-12-30,726,,Software - Infrastructure
KOPN,64.57,0.21,13.56,2020-03-16,2021-02-16,337,212812800.0,Electronic Components
MAPSW,64.14,0.22,14.11,2020-05-20,2021-02-17,273,,Software - Application
CIFRW,63.53,0.04,2.7,2022-12-21,2024-11-11,691,,Capital Markets
DFDV,63.0,0.49,31.04,2024-09-04,2025-05-21,259,514012480.0,Software - Infrastructure
SES,62.9,0.31,19.5,2019-06-14,2019-10-14,122,344181472.0,Auto Parts
MTDR,61.64,1.14,70.39,2020-03-18,2022-11-07,964,5452590592.0,Oil & Gas E&P
TTD,61.19,2.28,139.51,2016-11-08,2024-12-04,2948,36597465088.0,Software - Application
FLGT,61.08,3.01,183.85,2017-11-21,2021-02-09,1176,617548416.0,Diagnostics & Research
QUBT,61.07,0.42,25.68,2024-07-01,2024-12-18,170,1485128192.0,Computer Hardware
HUDI,60.81,2.96,180.0,2021-08-18,2022-11-04,443,21989968.0,Steel
LIDRW,60.64,0.0,0.2,2023-12-27,2025-01-06,376,,Software - Infrastructure
EDBLW,60.44,0.0,0.3,2024-09-19,2025-05-21,244,,Farm Products
BNGO,59.95,155.82,9342.0,2020-04-02,2021-02-16,320,12177680.0,Medical Instruments & Supplies
IBIO,58.81,54.5,3205.0,2019-11-27,2020-07-20,235,12726469.0,Biotechnology
ABTS,58.54,7.5,439.05,2020-03-09,2021-07-13,491,8816921.0,Capital Markets
PMTS,58.45,0.77,45.01,2019-12-24,2023-03-31,1192,225404368.0,Credit Services
TRGP,58.21,3.7,215.14,2020-03-18,2025-01-21,1770,34789384192.0,Oil & Gas Midstream
DRUG,58.09,0.96,55.77,2024-07-11,2024-11-06,118,215542992.0,Biotechnology
JYNT,56.18,1.91,107.3,2016-07-06,2021-09-03,1885,153181024.0,Medical Care Facilities
WGSWW,55.77,0.01,0.29,2023-12-14,2025-03-12,453,,Diagnostics & Research
BNZI,55.29,10.3,569.5,2018-07-11,2023-12-08,1976,16067373.0,Software - Application
APP,54.85,9.3,510.13,2022-12-27,2025-02-14,780,121260990464.0,Software - Application
RVPHW,54.53,0.05,2.77,2020-03-26,2023-05-04,1134,,Biotechnology
MDGL,54.37,6.54,355.88,2016-02-11,2025-02-26,3303,6155642880.0,Biotechnology
BBW,54.32,0.88,47.67,2020-04-03,2024-12-26,1728,534843008.0,Specialty Retail
SLRX,53.74,54.0,2902.0,2018-12-24,2019-07-23,210,1659924.0,Biotechnology
ATLC,53.58,1.63,87.34,2018-05-25,2021-11-03,1258,751318336.0,Credit Services
TPL,53.57,32.22,1726.12,2016-01-19,2024-11-22,3230,31162963968.0,Oil & Gas E&P
SM,53.47,0.97,51.61,2020-04-01,2022-06-07,797,2644072192.0,Oil & Gas E&P
RGTI,53.32,0.38,20.0,2023-05-03,2025-01-02,610,3181940224.0,Computer Hardware
AEHR,53.16,1.01,53.69,2016-05-24,2023-08-01,2625,252163760.0,Semiconductor Equipment & Materials
KIRK,52.63,0.63,33.06,2020-03-17,2021-04-29,408,25822444.0,Home Improvement Retail
IZEA,52.43,0.53,28.04,2020-03-18,2021-01-25,313,47562340.0,Internet Content & Information
TC,51.68,9.09,469.8,2016-01-14,2018-11-20,1041,2397114.0,Advertising Agencies
VRMEW,51.55,0.01,0.5,2024-12-20,2025-01-13,24,,Security & Protection Services
ZJYL,51.43,0.27,13.81,2023-05-22,2024-01-25,248,125112368.0,Medical Instruments & Supplies
MSTR,51.39,9.22,473.83,2020-03-18,2024-11-20,1708,111394521088.0,Software - Application
ROOT,51.36,3.46,177.69,2023-03-13,2025-03-24,742,1934670208.0,Insurance - Property & Casualty
AXON,51.22,14.5,742.75,2016-01-19,2025-05-20,3408,57247932416.0,Aerospace & Defense
MOBXW,50.86,0.01,0.28,2023-12-15,2024-04-22,128,,Semiconductors
CLS,50.77,2.83,143.67,2020-03-18,2025-02-05,1785,13112538112.0,Electronic Components
LMB,50.75,2.53,128.4,2020-03-23,2025-05-20,1884,1476324224.0,Building Products & Equipment
TSLA,50.1,9.58,479.86,2016-02-10,2024-12-17,3233,1077797650432.0,Auto Manufacturers
DQ,50.05,2.48,124.13,2016-01-19,2021-02-09,1848,932088128.0,Semiconductor Equipment & Materials
HPKEW,49.83,0.52,25.91,2020-10-22,2022-04-22,547,,Oil & Gas E&P
NTZ,49.78,0.46,22.75,2020-03-23,2021-06-01,435,37449640.0,"Furnishings, Fixtures & Appliances"
CLSKW,49.02,0.03,1.25,2024-11-05,2024-12-04,29,,Capital Markets
HUBCZ,48.75,0.0,0.04,2024-10-09,2025-02-05,119,,Software - Infrastructure
ANVS,48.39,2.5,120.97,2020-04-02,2021-07-13,467,39167260.0,Biotechnology
HDSN,48.26,0.31,14.96,2019-08-23,2024-02-26,1648,323061600.0,Specialty Chemicals
REKR,48.06,0.52,25.23,2018-12-20,2021-04-27,858,118040576.0,Software - Infrastructure
MOD,48.06,2.98,143.22,2020-04-03,2024-11-22,1694,4903051264.0,Auto Parts
ACIC,47.7,0.29,13.77,2022-11-25,2024-12-04,740,533337984.0,Insurance - Property & Casualty
NIO,47.61,1.32,62.84,2019-10-01,2021-02-09,497,8728124416.0,Auto Manufacturers
STRL,47.53,4.22,200.56,2016-05-06,2025-01-22,3183,5537775616.0,Engineering & Construction
ALTO,47.42,0.23,10.83,2020-03-17,2020-10-19,216,71891256.0,Specialty Chemicals
ETSY,46.68,6.36,296.91,2016-02-09,2021-11-24,2115,4848070144.0,Internet Retail
CPRX,46.37,0.56,25.74,2016-05-17,2025-03-24,3233,2966432000.0,Biotechnology
BLNK,46.35,1.31,60.72,2020-03-18,2021-01-26,314,73576192.0,Engineering & Construction
BGI,46.31,0.21,9.92,2016-03-01,2023-05-15,2630,17766488.0,Luxury Goods
BYON,46.16,2.65,122.32,2020-03-16,2020-08-20,157,354728928.0,Internet Retail
BURU,46.09,0.09,4.3,2024-06-13,2024-08-02,50,7701056.0,Specialty Industrial Machinery
NUKKW,45.96,0.01,0.34,2024-12-02,2024-12-19,17,2171586816.0,Software - Application
CAR,45.91,7.4,339.54,2020-03-18,2021-11-02,594,3834894080.0,Rental & Leasing Services
ELP,45.13,0.22,9.91,2016-01-21,2023-12-27,2897,6337432576.0,Utilities - Regulated Electric
ABLLW,44.9,0.04,1.85,2022-12-06,2025-05-13,888,,
FFAI,44.89,1.6,72.0,2024-05-02,2024-05-20,18,107385080.0,Auto Manufacturers
ICUCW,44.86,0.01,0.35,2023-09-22,2024-02-20,151,,Biotechnology
QSIAW,44.79,0.05,2.15,2024-11-12,2025-01-03,52,,Medical Devices
BW,44.62,0.23,10.08,2019-04-04,2021-11-17,958,72376136.0,Specialty Industrial Machinery
FTEL,44.19,0.88,38.89,2024-01-12,2024-06-26,165,11110718.0,Specialty Retail
HOV,44.13,5.4,238.3,2019-08-12,2024-08-22,1837,535200960.0,Residential Construction
HOLO,43.95,1208.0,53088.0,2024-02-06,2024-02-16,10,30458420.0,Electronic Components
CXAIW,43.86,0.01,0.57,2022-11-04,2023-06-20,228,,
GFAIW,43.74,0.02,0.77,2022-12-20,2025-01-07,749,,Security & Protection Services
CODX,43.26,0.71,30.8,2019-06-24,2020-08-03,406,8596687.0,Medical Devices
DAVE,43.13,4.54,196.04,2023-05-19,2025-05-20,732,2584035328.0,Software - Application
NINE,43.03,0.38,16.35,2020-03-18,2023-01-13,1031,21436862.0,Oil & Gas Equipment & Services
TPST,42.48,2.99,127.01,2023-10-09,2023-10-11,2,23180898.0,Biotechnology
IBRX,42.29,1.0,42.25,2019-06-10,2021-02-22,623,2338943232.0,Biotechnology
BNAIW,42.09,0.01,0.24,2022-11-23,2024-03-18,480,,Software - Infrastructure
LPA,41.75,6.2,258.85,2024-03-22,2024-05-30,69,211553184.0,Real Estate - Development
BLFS,41.72,1.45,60.5,2016-11-08,2021-09-01,1757,1050626944.0,Medical Instruments & Supplies
GBR,41.65,0.6,25.0,2020-03-18,2021-01-28,316,4618737.0,Real Estate Services
DXLG,41.63,0.21,8.85,2020-12-21,2021-11-17,331,54595396.0,Apparel Retail
MGNI,41.48,1.49,61.8,2018-03-01,2021-02-11,1078,2188631808.0,Advertising Agencies
PFH,41.22,0.53,21.7,2020-05-18,2021-12-22,583,,
NUTX,40.83,4.34,177.21,2024-07-09,2025-05-20,315,940599936.0,Medical Care Facilities
KULR,40.75,0.12,4.8,2024-02-08,2024-12-26,322,355174528.0,Electronic Components
TGLS,40.57,2.16,87.5,2020-03-23,2025-05-13,1877,3989323776.0,Building Materials
GYRE,40.56,0.73,29.68,2022-05-13,2023-12-22,588,913607360.0,Biotechnology
HROW,40.48,1.42,57.48,2017-11-02,2024-10-18,2542,980980288.0,Drug Manufacturers - Specialty & Generic
CABA,40.34,0.63,25.38,2022-09-23,2024-02-08,503,91083864.0,Biotechnology
NISN,40.33,5.95,239.9,2018-12-21,2021-01-06,747,20872866.0,Specialty Business Services
QBTS,40.15,0.41,16.56,2023-05-12,2025-05-20,739,4488053760.0,Computer Hardware
NCTY,39.85,20.8,828.9,2020-10-29,2021-02-19,113,162420720.0,Capital Markets
INDO,39.68,1.55,61.5,2020-03-18,2022-03-07,719,35331400.0,Oil & Gas E&P
ASPN,39.54,1.61,63.66,2018-12-26,2021-11-18,1058,500442112.0,Building Products & Equipment
DAC,39.52,2.37,93.63,2020-03-20,2022-03-17,727,1573792000.0,Marine Shipping
MRNA,39.52,12.26,484.47,2019-08-05,2021-08-09,735,9977944064.0,Biotechnology
ACRS,39.46,0.75,29.6,2020-03-18,2021-04-07,385,139682480.0,Biotechnology
FTAI,39.43,4.41,174.02,2020-03-18,2024-11-21,1709,11744712704.0,Rental & Leasing Services
TOON,39.43,2.01,79.3,2019-12-20,2020-06-03,165,39085688.0,Entertainment
BIAFW,39.22,0.05,2.0,2023-10-09,2024-10-04,361,,Diagnostics & Research
ANET,39.19,3.31,129.82,2016-02-09,2025-01-22,3270,116084686848.0,Computer Hardware
BTU,39.15,0.8,31.5,2020-11-10,2022-04-14,519,1698291072.0,Thermal Coal
CNR,38.93,3.42,133.14,2020-03-31,2024-11-25,1700,3749399040.0,Thermal Coal
SOL,38.91,0.86,33.55,2019-08-15,2021-01-22,526,82627776.0,Solar
PYPD,38.54,0.2,7.74,2023-09-19,2024-01-05,108,28636428.0,Biotechnology
ATGL,38.52,1.22,47.0,2024-09-13,2025-02-20,160,434445376.0,Software - Infrastructure
CLSK,38.47,1.05,40.39,2020-04-02,2021-01-07,280,2840343808.0,Capital Markets
VCEL,37.99,1.78,67.81,2016-02-11,2021-06-28,1963,2067586944.0,Biotechnology
BFRIW,37.96,0.0,0.19,2023-12-19,2024-10-31,316,,Drug Manufacturers - Specialty & Generic
NVCR,37.91,5.95,225.58,2016-11-01,2021-06-23,1695,1978876544.0,Medical Devices
RVP,37.72,0.57,21.5,2017-08-24,2021-02-01,1257,18752662.0,Medical Instruments & Supplies
NUKK,37.48,1.39,52.1,2024-12-13,2024-12-19,6,109021752.0,Software - Application
CLDX,36.3,1.55,56.27,2020-03-20,2021-10-04,563,1324564352.0,Biotechnology
MNPR,35.86,1.45,51.89,2023-11-20,2025-02-10,448,217456880.0,Biotechnology
KNW,35.75,0.09,3.06,2025-01-29,2025-03-05,35,3834000.0,Scientific & Technical Instruments
SE,35.49,10.34,366.99,2018-05-09,2021-10-19,1259,96653172736.0,Internet Retail
ESEA,35.47,1.37,48.63,2020-03-18,2024-10-02,1659,272907456.0,Marine Shipping
CBAT,35.31,0.32,11.3,2018-12-26,2020-11-16,691,76988384.0,Electrical Equipment & Parts
BXC,35.2,3.74,131.66,2020-04-03,2024-11-25,1697,530188480.0,Industrial Distribution
IVDAW,35.14,0.02,0.7,2022-12-09,2023-01-20,42,,Security & Protection Services
BNTX,35.07,12.63,442.9,2019-10-14,2021-08-09,665,23820539904.0,Biotechnology
LTM,34.96,1.06,36.88,2020-05-28,2025-05-20,1818,11156385792.0,Airlines
CORT,34.82,3.28,114.22,2016-01-28,2025-03-31,3349,8038211072.0,Biotechnology
NEUP,34.68,0.19,6.63,2024-11-04,2024-12-24,50,18715236.0,Biotechnology
VRNA,34.6,2.16,74.73,2020-03-18,2025-05-20,1889,6296086016.0,Biotechnology
RDZNW,34.53,0.01,0.2,2022-11-01,2024-12-23,783,,Software - Application
ANNAW,34.46,0.01,0.51,2024-02-22,2025-04-16,418,,Oil & Gas E&P
UONE,34.25,1.06,36.3,2020-04-08,2020-06-19,72,41151840.0,Broadcasting
GREEL,34.17,0.28,9.73,2022-12-22,2024-06-11,536,,
BLDP,34.16,1.2,40.99,2016-01-20,2021-02-08,1846,392781216.0,Specialty Industrial Machinery
BSLKW,34.02,0.01,0.23,2022-12-29,2024-03-25,451,,Specialty Chemicals
ARGX,33.99,19.77,671.74,2017-06-26,2025-02-05,2781,35716812800.0,Biotechnology
FIVN,33.82,6.2,209.7,2016-02-12,2021-08-04,1999,1945698688.0,Software - Infrastructure
XYZ,33.67,8.37,281.81,2016-02-08,2021-08-05,2004,34096652288.0,Software - Infrastructure
UUU,33.59,0.33,11.1,2020-03-24,2021-02-10,323,5666580.0,Security & Protection Services
LXU,33.42,0.8,26.74,2020-07-14,2022-04-19,644,513927712.0,Chemicals
CRDF,33.4,0.74,24.71,2020-03-18,2020-11-30,257,192925120.0,Biotechnology
CVM,33.31,24.89,829.2,2018-08-07,2021-02-01,909,410578240.0,Biotechnology
VUZI,33.23,0.92,30.57,2020-03-16,2021-04-08,388,179932064.0,Consumer Electronics
CHGG,32.71,3.47,113.51,2016-02-23,2021-02-12,1816,104449256.0,Education & Training Services
TOIIW,32.65,0.01,0.17,2024-12-31,2025-04-24,113,,Medical Care Facilities
UAN,32.54,3.12,101.41,2020-03-18,2022-04-19,762,875797056.0,Agricultural Inputs
NRP,32.19,3.38,108.83,2016-01-20,2025-03-19,3345,1254688512.0,Thermal Coal
ADSEW,32.14,0.14,4.5,2023-05-10,2025-01-28,629,,Electrical Equipment & Parts
CCLD,32.13,0.39,12.53,2017-04-13,2020-08-10,1215,85911832.0,Health Information Services
UHGWW,32.12,0.04,1.28,2022-11-10,2024-04-26,532,,
VERI,32.12,1.52,48.83,2020-03-16,2021-02-09,330,75188368.0,Software - Infrastructure
PHUN,32.09,480.5,15420.0,2018-12-04,2019-02-01,59,58091620.0,Software - Application
BLDR,32.04,6.59,211.12,2016-02-11,2024-03-21,2960,11977615360.0,Building Products & Equipment
GNPX,31.89,9.62,306.8,2019-12-24,2021-02-08,412,7737048.0,Biotechnology
STAA,31.77,5.12,162.68,2016-05-16,2021-09-07,1940,913756608.0,Medical Instruments & Supplies
HNRG,31.7,0.62,19.5,2020-09-23,2025-05-21,1701,833738240.0,Thermal Coal
DECK,31.67,7.04,223.11,2016-01-19,2025-01-30,3299,18722840576.0,Footwear & Accessories
AMC,31.58,12.55,396.33,2021-01-05,2021-06-02,147,1269111936.0,Entertainment
BOOT,31.56,5.53,174.52,2016-02-02,2025-01-30,3285,4815817216.0,Apparel Retail
FRPT,31.54,5.86,184.82,2016-02-02,2021-04-30,1913,4168003072.0,Packaged Foods
SKY,31.53,3.46,108.92,2016-01-04,2024-12-11,3264,5012222976.0,Residential Construction
EXAS,31.38,4.94,155.01,2016-03-01,2021-02-12,1809,10731615232.0,Diagnostics & Research
SAIA,31.36,19.32,605.92,2016-01-19,2024-03-06,2969,7157887488.0,Trucking
VIST,31.32,1.9,59.5,2020-04-01,2025-01-15,1750,5247092224.0,Oil & Gas E&P
NVMI,31.1,8.8,273.65,2016-01-21,2025-02-20,3318,5415498240.0,Semiconductor Equipment & Materials
MVSTW,31.02,0.02,0.51,2024-07-03,2024-12-31,181,,Auto Parts
TDOC,31.0,9.5,294.54,2016-03-28,2021-02-08,1778,1222781952.0,Health Information Services
HUBS,30.96,27.52,852.08,2016-02-09,2021-11-16,2107,32763234304.0,Software - Application
KNSL,30.88,17.72,547.22,2016-08-03,2024-03-06,2772,10817188864.0,Insurance - Property & Casualty
RNG,30.83,14.38,443.29,2016-03-28,2021-02-12,1782,2371643392.0,Software - Application
PDEX,30.8,2.24,69.0,2016-01-20,2025-04-28,3385,144790176.0,Medical Instruments & Supplies
IZM,30.55,1.67,51.02,2023-04-04,2024-04-16,378,29095360.0,Electronics & Computer Distribution
MELI,30.54,85.27,2604.3,2016-02-09,2025-05-21,3388,131913113600.0,Internet Retail
TOP,30.48,3.55,108.21,2023-02-21,2023-04-28,65,46861292.0,Capital Markets
GEVO,30.43,0.48,14.61,2020-07-01,2021-02-12,226,261123680.0,Specialty Chemicals
CROX,30.4,5.94,180.57,2017-05-05,2021-11-12,1652,6326336512.0,Footwear & Accessories
PALI,30.36,1260.0,38250.0,2019-06-27,2019-07-18,21,3801689.0,Biotechnology
DATSW,30.28,0.03,0.76,2023-11-14,2025-01-07,420,,Software - Application
OVV,30.28,1.9,57.38,2020-03-09,2022-06-07,820,9332554752.0,Oil & Gas E&P
AYRO,30.24,3.04,91.92,2020-03-16,2021-02-10,331,3619021.0,Auto Manufacturers
PENN,30.19,4.52,136.47,2020-03-18,2021-03-15,362,2144228352.0,Resorts & Casinos
KINS,30.1,0.72,21.67,2022-11-16,2025-05-09,904,223532576.0,Insurance - Property & Casualty
SEDG,30.07,12.25,368.33,2016-12-29,2021-11-15,1782,1171436928.0,Solar
ALAR,30.04,1.53,45.96,2023-03-15,2024-07-03,476,55746028.0,Software - Infrastructure
ARCT,30.03,4.11,123.42,2018-12-28,2020-12-07,710,329515264.0,Biotechnology
ELF,29.86,7.3,218.0,2019-02-27,2024-06-27,1946,4458873344.0,Household & Personal Products
VVPR,29.77,6.0,178.6,2020-03-18,2021-01-25,313,34837168.0,Solar
TTI,29.71,0.22,6.54,2020-04-16,2023-10-17,1279,363289280.0,Oil & Gas Equipment & Services
ATER,29.6,19.32,571.92,2020-04-01,2021-02-17,322,14263706.0,"Furnishings, Fixtures & Appliances"
ACMR,29.48,1.58,46.66,2018-01-22,2021-02-16,1121,1470799488.0,Semiconductor Equipment & Materials
RH,29.45,25.08,738.52,2017-02-07,2021-08-12,1646,3663294720.0,Specialty Retail
FICO,29.43,80.94,2382.4,2016-01-21,2024-11-26,3232,41574162432.0,Software - Application
AAOI,29.35,1.5,44.03,2022-07-11,2024-12-04,877,948142912.0,Communication Equipment
KWE,29.34,0.22,6.37,2025-04-23,2025-05-05,12,2816227.0,Aerospace & Defense
CPSH,29.23,0.92,26.89,2020-04-03,2021-02-16,319,34208732.0,Electronic Components
PLUR,29.18,3.41,99.44,2019-07-24,2020-04-24,275,35325028.0,Biotechnology
VERU,29.0,0.82,23.78,2016-11-01,2022-08-17,2115,71811504.0,Biotechnology
PDYN,28.89,0.46,13.31,2024-02-06,2024-12-30,328,238566176.0,Software - Infrastructure
CRBP,28.76,2.14,61.55,2023-03-10,2024-08-21,529,90674688.0,Biotechnology
SPWRW,28.7,0.01,0.33,2023-12-08,2024-09-23,289,,Solar
RCMT,28.49,1.12,31.91,2020-03-17,2024-01-08,1392,165987936.0,Conglomerates
DDS,28.23,18.01,508.42,2020-04-22,2025-02-19,1764,6307859968.0,Department Stores
OTRK,28.19,303.3,8550.0,2017-12-26,2021-01-26,1127,6579846.0,Health Information Services
QMCO,28.16,2.51,70.67,2024-09-06,2024-12-27,112,79991736.0,Computer Hardware
JMIA,28.12,2.33,65.51,2020-03-20,2021-02-10,327,356367328.0,Internet Retail
WING,28.11,15.2,427.32,2016-02-09,2024-06-18,3051,8998127616.0,Restaurants
MSB,28.06,1.13,31.82,2016-01-19,2025-02-20,3320,337446400.0,Steel
ZDAI,27.96,3.84,107.36,2024-07-24,2024-11-26,125,20623680.0,Engineering & Construction
SMXWW,27.88,0.0,0.07,2024-02-01,2025-01-07,341,,Specialty Business Services
MRIN,27.75,5.22,144.84,2020-03-16,2021-07-06,477,2797984.0,Software - Application
IESC,27.74,11.4,316.26,2016-06-24,2025-01-22,3134,4886168064.0,Engineering & Construction
CMT,27.71,1.07,29.65,2020-04-08,2023-10-02,1272,137377616.0,Specialty Chemicals
CLF,27.7,1.19,33.07,2016-01-12,2022-03-28,2266,3462592000.0,Steel
VRT,27.65,5.55,153.42,2020-03-18,2025-01-23,1772,39486287872.0,Electrical Equipment & Parts
LNW,27.55,4.09,112.68,2020-03-18,2024-09-18,1645,6957859328.0,Gambling
CMPOW,27.44,0.21,5.83,2024-03-04,2025-02-18,351,,Metal Fabrication
AVGO,27.41,9.07,248.6,2016-02-11,2024-12-16,3231,1080178966528.0,Semiconductors
ASPI,27.41,0.32,8.77,2023-05-17,2024-11-08,541,582479616.0,Chemicals
LASE,27.4,0.69,18.8,2023-11-21,2024-09-23,306,38134008.0,Specialty Industrial Machinery
POLA,27.28,7.02,191.66,2020-03-20,2021-01-25,311,4495638.0,Electrical Equipment & Parts
DRCT,27.09,1.2,32.51,2022-03-08,2024-03-15,737,10307355.0,Advertising Agencies
SCLXW,27.02,0.13,3.51,2022-11-18,2023-04-12,144,,Drug Manufacturers - General
KOD,26.92,6.11,164.47,2018-12-21,2021-01-19,760,186518976.0,Biotechnology
BTAI,26.82,38.56,1034.08,2018-12-26,2020-07-22,573,8417909.0,Biotechnology
NTRA,26.78,6.61,177.0,2016-02-08,2025-02-05,3285,20630886400.0,Diagnostics & Research
TROO,26.67,0.75,20.0,2020-03-13,2021-07-12,486,72006400.0,Credit Services
ARES,26.67,7.38,196.72,2016-01-15,2025-01-31,3304,51919368192.0,Asset Management
PBMWW,26.65,0.01,0.16,2022-12-12,2024-03-14,457,,Biotechnology
LAES,26.55,0.34,9.08,2024-11-11,2024-12-27,46,400231040.0,Semiconductors
LPLA,26.49,14.55,385.37,2016-02-12,2025-05-19,3383,30226814976.0,Capital Markets
TDW,26.35,4.13,108.83,2020-05-15,2024-05-07,1453,1965693440.0,Oil & Gas Equipment & Services
PDSB,26.31,0.65,17.08,2020-04-02,2021-09-23,539,72221800.0,Biotechnology
NEGG,26.3,51.39,1351.4,2020-03-16,2021-07-07,478,111219384.0,Internet Retail
CRIS,26.24,12.4,325.4,2018-12-11,2021-05-12,882,20087424.0,Biotechnology
QXO,26.09,9.03,235.61,2020-04-03,2024-06-10,1529,8848663552.0,Software - Application
KRYS,26.09,8.19,213.66,2017-12-19,2024-07-26,2410,3660887296.0,Biotechnology
TLRY,25.87,2.47,63.91,2020-03-18,2021-02-10,329,439787456.0,Drug Manufacturers - Specialty & Generic
ROKU,25.82,18.57,479.5,2017-10-26,2021-07-26,1369,10201947136.0,Entertainment
COCHW,25.81,0.01,0.24,2023-12-15,2024-04-10,116,,Medical Devices
RCAT,25.8,0.55,14.19,2023-12-07,2025-01-06,396,577312128.0,Computer Hardware
SATLW,25.79,0.03,0.79,2024-08-15,2025-05-15,273,,Aerospace & Defense
NNDM,25.76,0.65,16.72,2020-04-03,2021-02-09,312,349825632.0,Computer Hardware
GSM,25.75,0.36,9.39,2020-03-16,2021-09-02,535,709178816.0,Other Industrial Metals & Mining
POWL,25.62,13.72,351.53,2020-03-18,2024-11-11,1699,2105900928.0,Electrical Equipment & Parts
JILL,25.59,1.53,39.21,2020-04-03,2024-07-23,1572,246361968.0,Apparel Retail
TEAM,25.57,17.92,458.13,2016-02-08,2021-10-29,2089,54908379136.0,Software - Application
ANY,25.26,2.6,65.8,2020-03-17,2021-09-02,534,23444346.0,Capital Markets
KDLY,25.13,0.83,20.76,2024-11-13,2025-05-21,188,137485680.0,Medical Care Facilities
CLMT,25.09,0.94,23.58,2020-03-18,2025-01-03,1752,1196242944.0,Specialty Chemicals
SOUN,25.09,0.97,24.23,2022-12-22,2024-12-26,735,3804421120.0,Software - Application
TOI,25.04,0.13,3.31,2024-11-20,2025-04-25,155,238701200.0,Medical Care Facilities
COOTW,25.0,0.0,0.08,2022-11-17,2024-03-12,480,,Packaged Foods
I,24.99,1.5,37.48,2016-03-01,2018-10-17,959,,
PACB,24.95,2.05,51.15,2018-03-29,2021-02-11,1050,294443392.0,Medical Devices
ARBKL,24.94,0.36,8.89,2022-12-21,2024-10-01,649,,
GOVXW,24.89,0.02,0.58,2024-02-26,2024-08-27,182,,Biotechnology
NOW,24.83,47.14,1170.39,2016-02-08,2025-01-28,3277,210038079488.0,Software - Application
EAT,24.82,7.62,189.14,2020-03-18,2025-02-03,1783,6395193856.0,Restaurants
COOP,24.81,5.41,134.21,2020-04-03,2025-04-04,1827,8030167552.0,Mortgage Finance
AMRC,24.81,3.93,97.5,2016-05-04,2021-11-05,2011,744866944.0,Engineering & Construction
ALTS,24.7,0.3,7.41,2023-11-07,2025-02-19,470,115986480.0,Software - Application
PCTTW,24.69,0.8,19.75,2020-08-03,2021-03-24,233,,Pollution & Treatment Controls
PAYC,24.59,22.17,545.23,2016-02-09,2021-11-02,2092,14410502144.0,Software - Application
ZDGE,24.58,0.79,19.42,2020-03-12,2021-06-17,462,30093344.0,Internet Content & Information
SWVL,24.56,0.7,17.19,2023-08-11,2024-04-05,238,46869492.0,Railroads
ANF,24.55,7.84,192.34,2017-07-12,2024-06-12,2527,3459038720.0,Apparel Retail
NEOVW,24.5,0.1,2.45,2024-03-13,2024-11-12,244,,Electrical Equipment & Parts
TT,24.46,17.61,430.81,2018-12-24,2025-05-19,2337,94751424512.0,Building Products & Equipment
CINGW,24.31,0.01,0.18,2024-07-03,2024-08-16,44,,Biotechnology
RRC,24.09,1.71,41.19,2020-03-12,2025-01-16,1771,9396457472.0,Oil & Gas E&P
FTNT,24.04,4.77,114.57,2016-02-11,2025-02-19,3296,78715379712.0,Software - Infrastructure
PRTS,24.03,0.91,21.87,2018-12-31,2021-02-09,771,49057616.0,Auto Parts
SBLK,24.01,1.02,24.56,2016-01-11,2024-05-30,3061,1870831616.0,Marine Shipping
FRSX,23.93,2.84,67.92,2020-03-16,2021-02-10,331,11661457.0,Auto Parts
NEHCW,23.88,0.02,0.48,2022-11-03,2024-12-31,789,,Oil & Gas E&P
BPT,23.82,0.89,21.21,2020-10-29,2022-06-10,589,13289400.0,Oil & Gas Midstream
ASST,23.76,0.36,8.65,2024-12-20,2025-05-21,151,126806880.0,Internet Content & Information
VSEEW,23.75,0.01,0.24,2023-11-27,2024-07-01,216,,Health Information Services
FIX,23.75,23.12,549.04,2016-02-08,2025-01-22,3271,16411600896.0,Engineering & Construction
KEN,23.72,1.65,39.05,2016-04-15,2022-03-23,2168,1761112320.0,Utilities - Independent Power Producers
CELUW,23.67,0.01,0.12,2023-12-12,2025-03-07,451,,Biotechnology
IMTE,23.56,0.18,4.24,2023-10-03,2023-11-08,36,4186344.0,Electronic Components
SB,23.56,0.26,6.06,2016-01-20,2024-06-05,3058,393709792.0,Marine Shipping
MNTSW,23.54,0.47,11.1,2020-09-14,2021-02-11,150,,Aerospace & Defense
FLL,23.52,0.52,12.35,2020-03-18,2021-12-27,649,126634112.0,Resorts & Casinos
SWIN,23.5,2.0,47.0,2023-10-31,2024-03-06,127,28017000.0,Capital Markets
NWTNW,23.5,0.04,0.94,2020-05-13,2021-01-07,239,,Auto Manufacturers
MVST,23.47,0.16,3.77,2024-11-07,2025-05-20,193,1161467264.0,Auto Parts
EPIX,23.45,1.46,34.28,2019-08-15,2021-05-24,648,73685072.0,Biotechnology
ENVA,23.44,4.97,116.49,2016-01-19,2025-02-06,3306,2344399616.0,Credit Services
CAPR,23.39,0.94,21.99,2020-03-10,2024-10-29,1694,508270720.0,Biotechnology
FTFT,23.38,21.75,508.5,2019-12-27,2021-02-17,418,4515139.0,Software - Application
APPF,23.32,11.58,270.02,2016-03-04,2024-07-23,3062,7428737024.0,Software - Application
SPXC,23.31,7.79,181.56,2016-01-12,2024-11-25,3240,7106846208.0,Building Products & Equipment
CWST,23.28,5.17,120.37,2016-02-05,2025-05-06,3377,7276079104.0,Waste Management
UTI,23.28,1.52,35.39,2016-10-31,2025-05-20,3123,1921627008.0,Education & Training Services
CENN,23.24,10.65,247.5,2020-10-26,2021-01-29,95,30403602.0,Auto Manufacturers
NIXXW,23.21,0.0,0.06,2023-10-30,2025-02-14,473,,Staffing & Employment Services
EXPI,23.17,3.3,76.37,2018-12-24,2021-02-09,778,1180637568.0,Real Estate Services
AVXL,23.09,1.25,28.86,2018-12-27,2021-06-28,913,664193408.0,Biotechnology
NHICW,23.08,0.01,0.3,2023-04-25,2025-04-17,723,,Shell Companies
TECK,23.08,2.35,54.13,2016-01-13,2024-05-20,3049,17694048256.0,Other Industrial Metals & Mining
PRPH,23.06,0.64,14.7,2016-03-18,2022-07-11,2306,12019273.0,Diagnostics & Research
KXIN,23.03,370.8,8541.0,2020-09-08,2020-11-23,76,10829527.0,Auto & Truck Dealerships
FUTU,22.9,8.15,186.63,2020-03-23,2021-02-16,330,15202306048.0,Capital Markets
XENE,22.75,2.2,50.04,2017-11-14,2024-02-09,2278,2337305344.0,Biotechnology
EVRI,22.75,1.14,25.94,2016-05-23,2021-10-01,1957,1222936704.0,Gambling
KRUS,22.72,5.28,119.98,2020-03-18,2024-03-27,1470,767187520.0,Restaurants
MDB,22.71,25.76,585.03,2017-12-08,2021-11-16,1439,15020534784.0,Software - Infrastructure
VICR,22.66,7.19,162.93,2016-02-19,2021-11-17,2098,1874784128.0,Electronic Components
NSSC,22.66,2.53,57.33,2016-01-19,2024-08-19,3134,1009076096.0,Security & Protection Services
LODE,22.64,2.8,63.4,2019-11-29,2021-02-23,452,82690416.0,Other Precious Metals & Mining
CURIW,22.6,0.5,11.3,2020-04-03,2021-02-19,322,,Broadcasting
LSCC,22.51,4.32,97.26,2016-02-11,2023-08-31,2757,6399622656.0,Semiconductors
HOLOW,22.5,0.02,0.45,2024-01-03,2024-02-16,44,,Electronic Components
GRWG,22.5,2.87,64.58,2020-03-18,2021-02-09,328,64255468.0,Specialty Retail
GNS,22.49,3.15,70.9,2023-01-03,2023-02-02,30,26820000.0,Education & Training Services
ADMA,22.49,1.09,24.51,2021-10-11,2025-04-28,1295,4803328512.0,Biotechnology
UEC,22.38,0.38,8.6,2020-03-12,2024-11-19,1713,2255130368.0,Uranium
ACLS,22.37,8.96,200.48,2016-02-10,2023-07-31,2727,1897889536.0,Semiconductor Equipment & Materials
UAMY,22.29,0.17,3.79,2016-02-03,2025-05-07,3380,294807488.0,Other Industrial Metals & Mining
WIX,22.28,15.85,353.09,2016-02-09,2021-02-19,1837,8480493568.0,Software - Infrastructure
MTC,22.25,3.2,71.2,2023-09-27,2024-05-14,230,25690638.0,Software - Application
INSG,22.23,9.3,206.8,2016-01-28,2021-01-25,1824,127564600.0,Communication Equipment
SCKT,22.23,0.93,20.68,2020-03-16,2021-02-16,337,8555242.0,Computer Hardware
SBFMW,22.22,0.04,0.8,2024-03-13,2025-02-24,348,,Drug Manufacturers - Specialty & Generic
GIBOW,22.22,0.01,0.16,2024-12-18,2025-05-12,144,,Internet Content & Information
AGFY,22.22,2.82,62.71,2024-10-11,2024-11-26,46,45189032.0,Farm & Heavy Construction Machinery
TBCH,22.16,1.72,38.12,2018-02-09,2021-06-14,1220,224027968.0,Consumer Electronics
NRG,22.15,7.28,161.24,2016-01-25,2025-05-19,3401,30395940864.0,Utilities - Independent Power Producers
HIMS,22.1,3.11,68.74,2022-05-11,2025-02-19,1015,12982255616.0,Household & Personal Products
LOVE,22.07,4.14,91.39,2020-04-07,2021-06-11,430,283096064.0,"Furnishings, Fixtures & Appliances"
LRN,21.96,7.32,160.72,2016-01-13,2025-05-05,3399,6784412160.0,Education & Training Services
LEDS,21.89,1.18,25.83,2020-03-18,2021-06-08,447,17308800.0,Semiconductors
ELMD,21.87,1.62,35.43,2016-01-29,2025-01-29,3288,175018336.0,Medical Devices
CDROW,21.82,0.06,1.2,2023-11-27,2024-07-16,231,,Gambling
QDEL,21.77,13.87,301.96,2016-02-18,2020-08-05,1629,2000374272.0,Medical Devices
SOS,21.77,440.93,9600.0,2020-03-18,2021-02-17,336,18644846.0,Capital Markets
ALT,21.74,1.53,33.26,2019-11-19,2020-07-20,243,453388128.0,Biotechnology
TH,21.71,0.83,18.0,2020-10-28,2023-01-13,807,717413120.0,Specialty Business Services
PLTR,21.7,6.0,130.18,2022-12-27,2025-05-14,868,284557934592.0,Software - Infrastructure
WLGS,21.6,0.4,8.64,2023-11-16,2025-02-11,453,5030015.0,Engineering & Construction
IIPR,21.6,10.13,218.82,2016-12-05,2021-11-15,1806,1552100608.0,REIT - Industrial
RYTM,21.58,3.12,67.33,2022-05-19,2024-11-08,904,3970617856.0,Biotechnology
PI,21.55,11.07,238.58,2018-02-16,2024-10-14,2431,3406093824.0,Semiconductors
RSLS,21.51,83737.5,1800900.0,2019-05-21,2021-01-20,610,2309370.0,Medical Devices
SHYF,21.49,2.42,51.9,2016-01-20,2021-11-17,2128,328007168.0,Farm & Heavy Construction Machinery
APO,21.44,8.28,177.47,2016-02-11,2024-12-11,3226,74682834944.0,Asset Management
KODK,21.42,1.55,33.2,2020-03-23,2020-07-29,128,492880000.0,Specialty Business Services
WES,21.34,1.92,40.96,2020-04-02,2025-01-21,1755,14677276672.0,Oil & Gas Midstream
ODVWZ,21.33,0.2,4.2,2024-01-05,2024-01-23,18,,Gold
KITTW,21.3,0.01,0.23,2024-11-18,2025-01-06,49,,Aerospace & Defense
XCUR,21.3,1.5,31.99,2024-07-09,2024-11-27,141,69494840.0,Biotechnology
AQMS,21.26,6.79,144.4,2020-03-23,2021-01-26,309,8115250.0,Waste Management
AACG,21.25,0.67,14.3,2020-04-27,2021-02-04,283,29091378.0,Education & Training Services
OESX,21.22,0.55,11.67,2018-12-21,2021-02-09,781,22605140.0,"Furnishings, Fixtures & Appliances"
VANI,21.21,2.19,46.44,2020-09-08,2021-03-09,182,66945608.0,Biotechnology
PWR,21.09,16.97,357.89,2016-02-11,2025-01-24,3270,50569949184.0,Engineering & Construction
MLGO,21.09,1.15,24.25,2025-02-20,2025-03-31,38,37990860.0,Software - Infrastructure
JAGX,21.05,64125.0,1350000.0,2020-11-17,2021-01-08,52,2871261.0,Biotechnology
NCPLW,21.04,0.02,0.32,2023-12-27,2024-01-08,12,,Capital Markets
AHG,20.97,0.9,18.87,2020-03-17,2021-10-20,582,637819200.0,Medical Distribution
EMO,20.94,2.4,50.2,2020-03-18,2025-04-02,1841,834202560.0,Asset Management
ABPWW,20.92,0.01,0.21,2022-10-28,2023-03-01,124,,Biotechnology
RUN,20.84,4.63,96.5,2016-11-02,2021-01-08,1528,2435660800.0,Solar
BZFDW,20.8,0.02,0.52,2022-12-29,2023-01-27,29,,Internet Content & Information
GLSI,20.78,3.48,72.22,2020-11-13,2020-12-10,27,129151152.0,Biotechnology
URI,20.75,42.14,874.32,2016-02-11,2024-11-06,3191,45226303488.0,Rental & Leasing Services
CADL,20.74,0.68,14.0,2023-11-03,2024-05-15,194,274061760.0,Biotechnology
PRCH,20.72,0.52,10.88,2023-10-24,2025-05-08,562,981669760.0,Software - Application
CARM,20.71,4.76,98.5,2016-02-09,2016-08-16,188,7350526.0,Biotechnology
SIEB,20.71,0.99,20.53,2016-01-19,2018-09-12,966,173358464.0,Capital Markets
MNMD,20.7,0.58,12.01,2022-08-09,2022-08-29,20,524339872.0,Biotechnology
SSL,20.7,1.21,25.03,2020-03-23,2022-06-08,807,2853845504.0,Specialty Chemicals
PULM,20.7,2.56,53.0,2019-01-31,2021-02-10,741,22388476.0,Biotechnology
RAIL,20.67,0.76,15.71,2020-03-18,2024-11-11,1699,135186128.0,Railroads
CCRD,20.63,2.68,55.32,2016-01-20,2019-08-26,1313,202765152.0,Software - Application
MEDP,20.62,22.18,457.29,2017-05-03,2024-07-16,2631,8500902912.0,Diagnostics & Research
BLD,20.58,23.28,479.09,2016-02-11,2024-07-30,3091,8000016384.0,Engineering & Construction
SNDL,20.56,1.44,29.5,2020-10-30,2021-02-10,103,337055136.0,Beverages - Wineries & Distilleries
AUROW,20.54,0.13,2.67,2022-12-30,2025-02-14,777,,Information Technology Services
BDMDW,20.5,0.01,0.2,2022-12-12,2024-12-31,750,,Medical Devices
MOGO,20.48,1.68,34.41,2020-03-23,2021-03-19,361,32147546.0,Software - Infrastructure
PAR,20.39,4.35,88.71,2016-05-31,2021-02-22,1728,2666355200.0,Software - Application
FLDDW,20.39,0.05,1.06,2024-10-10,2025-02-19,132,,Capital Markets
CAN,20.34,1.79,36.4,2020-07-13,2021-03-11,241,287292480.0,Computer Hardware
MTCH,20.25,8.57,173.44,2016-02-09,2021-10-21,2080,7194901504.0,Internet Content & Information
CRMD,20.2,0.87,17.58,2018-05-22,2021-02-19,1004,833565632.0,Biotechnology
SITM,20.18,16.6,334.98,2019-12-02,2021-12-08,737,4770888192.0,Semiconductors
NOA,20.02,1.25,25.02,2016-02-11,2024-03-13,2952,486494464.0,Oil & Gas Equipment & Services
OPTXW,20.0,0.01,0.2,2022-11-11,2024-04-23,528,,Electronic Components
KRNT,19.98,8.83,176.4,2016-06-27,2021-11-19,1971,1000831168.0,Specialty Industrial Machinery
PLSE,19.97,1.23,24.56,2022-08-30,2025-02-05,890,1163838464.0,Medical Instruments & Supplies
NVNI,19.96,0.43,8.58,2024-12-17,2024-12-20,3,37087636.0,Software - Application
DOGZ,19.9,2.86,56.9,2023-12-05,2024-10-24,323,290377504.0,Leisure
LRCX,19.89,5.62,111.74,2016-02-11,2024-07-10,3071,105898344448.0,Semiconductor Equipment & Materials
HRI,19.87,11.96,237.59,2020-03-18,2024-11-06,1694,3567886848.0,Rental & Leasing Services
TRUP,19.87,7.82,155.41,2016-01-25,2021-12-07,2143,1887616768.0,Insurance - Property & Casualty
PLL,19.85,4.12,81.71,2020-03-23,2021-03-22,364,136724208.0,Other Industrial Metals & Mining
FAASW,19.8,0.01,0.2,2023-06-02,2024-09-27,483,,Software - Infrastructure
AMPY,19.79,0.52,10.21,2020-03-18,2022-11-01,958,107698728.0,Oil & Gas E&P
OMI,19.77,2.46,48.71,2019-07-22,2021-06-08,687,526338816.0,Medical Distribution
HRTG,19.71,1.32,26.02,2022-10-20,2025-05-09,932,724933248.0,Insurance - Property & Casualty
NNAVW,19.66,0.36,7.0,2022-07-08,2024-12-02,878,,Software - Infrastructure
PW,19.57,4.09,80.05,2016-01-20,2022-01-13,2185,3830315.0,REIT - Specialty
EHTH,19.53,7.48,146.09,2016-10-28,2020-03-04,1223,138592560.0,Insurance Brokers
PERI,19.51,2.14,41.85,2018-05-02,2023-04-17,1811,494291232.0,Internet Content & Information
NBR,19.48,10.27,200.02,2020-04-22,2022-04-18,726,386210176.0,Oil & Gas Drilling
XWEL,19.46,7.31,142.2,2020-03-19,2020-06-05,78,4534999.0,Diagnostics & Research
EOSEW,19.45,0.07,1.41,2024-05-07,2025-02-04,273,,Electrical Equipment & Parts
BLIN,19.44,0.63,12.23,2020-03-18,2021-07-06,475,16186030.0,Software - Infrastructure
SIG,19.38,5.56,107.66,2020-03-23,2024-05-31,1530,2607002880.0,Luxury Goods
AROC,19.37,1.54,29.89,2020-03-18,2025-01-21,1770,4345965056.0,Oil & Gas Equipment & Services
CARV,19.34,1.37,26.5,2020-03-18,2021-07-09,478,7562400.0,Banks - Regional
MXC,19.34,1.54,29.86,2016-01-12,2022-03-07,2246,14424300.0,Oil & Gas E&P
RRR,19.33,3.1,59.96,2020-03-18,2024-04-03,1477,4596748288.0,Resorts & Casinos
DTSTW,19.33,0.08,1.45,2023-05-02,2024-06-28,423,,Information Technology Services
KNTK,19.29,3.34,64.5,2020-10-19,2025-01-21,1555,2702522112.0,Oil & Gas Midstream
TWG,19.24,0.7,13.5,2024-07-25,2024-10-24,91,8786400.0,Food Distribution
ICCT,19.23,0.3,5.71,2025-03-28,2025-04-04,7,3855817.0,Health Information Services
ASTS,19.2,2.01,38.6,2024-04-02,2024-08-19,139,7820768256.0,Communication Equipment
LAC,19.14,2.14,40.96,2020-03-20,2021-11-29,619,602509568.0,Other Industrial Metals & Mining
TWLO,19.14,23.17,443.49,2017-05-09,2021-02-18,1381,17488807936.0,Software - Infrastructure
ARDX,19.09,0.51,9.74,2022-06-14,2024-02-09,605,954627456.0,Biotechnology
TMQ,19.08,0.16,3.11,2016-01-20,2019-06-25,1251,210196480.0,Other Industrial Metals & Mining
NTRBW,19.05,0.21,4.03,2024-03-13,2025-01-23,316,,Biotechnology
MRSN,19.03,1.45,27.59,2019-10-07,2020-12-23,443,44032132.0,Biotechnology
AUPH,19.01,1.74,33.08,2016-01-19,2021-10-29,2109,1126767360.0,Biotechnology
AMRN,18.99,25.4,482.4,2016-02-11,2019-12-13,1401,227362848.0,Drug Manufacturers - General
APLT,18.96,0.54,10.24,2022-10-12,2024-11-11,761,53501572.0,Biotechnology
BNZIW,18.87,0.01,0.19,2022-11-14,2023-09-08,297,,Software - Application
ONTO,18.85,12.63,238.04,2016-02-18,2024-07-16,3070,4624486400.0,Semiconductor Equipment & Materials
BEEM,18.82,3.92,73.78,2019-12-26,2020-12-31,371,25607492.0,Solar
CTM,18.82,0.14,2.58,2024-08-07,2024-12-30,145,81304864.0,Information Technology Services
SBCWW,18.78,0.02,0.34,2024-01-26,2024-11-29,308,,Consulting Services
LPG,18.78,2.44,45.75,2016-09-01,2024-05-30,2828,969949952.0,Oil & Gas Midstream
NTLA,18.73,9.44,176.78,2020-03-16,2021-09-03,536,952963584.0,Biotechnology
GRRR,18.71,2.24,41.91,2024-08-06,2025-03-05,211,312837440.0,Software - Infrastructure
AEYE,18.66,2.34,43.67,2020-03-20,2021-02-11,328,151991264.0,Software - Application
LDTCW,18.62,0.01,0.19,2022-11-25,2024-12-26,762,,Software - Application
CC,18.6,2.29,42.59,2016-01-27,2017-10-27,638,1577563904.0,Specialty Chemicals
ATOM,18.58,2.5,46.45,2018-12-27,2021-02-08,774,204642832.0,Semiconductor Equipment & Materials
UMAC,18.57,1.04,19.31,2024-05-13,2024-12-30,231,119681568.0,Shell Companies
TMCWW,18.57,0.05,0.96,2022-12-19,2025-05-21,883,,Other Industrial Metals & Mining
GNRC,18.55,27.26,505.8,2016-01-25,2021-11-01,2106,7259356160.0,Specialty Industrial Machinery
STKS,18.54,0.87,16.13,2020-03-23,2021-11-12,599,111713624.0,Restaurants
TTGT,18.45,5.99,110.5,2016-02-11,2021-11-16,2105,535906496.0,Information Technology Services
CHEF,18.43,3.6,66.35,2020-03-18,2025-02-18,1798,2601303040.0,Food Distribution
DGNX,18.4,7.5,138.01,2025-01-22,2025-04-15,82,1527937920.0,Consulting Services
GRO,18.33,0.75,13.75,2016-10-05,2024-12-03,2981,50706088.0,Other Industrial Metals & Mining
RCKT,18.31,3.6,65.91,2017-07-13,2021-02-08,1306,709993408.0,Biotechnology
CAPN,18.3,0.56,10.24,2017-04-25,2025-05-06,2933,80179200.0,Shell Companies
CYTK,18.28,5.91,108.06,2018-12-24,2024-01-08,1841,3739259392.0,Biotechnology
FVRR,18.27,17.68,323.1,2019-09-24,2021-02-12,507,1156635264.0,Internet Content & Information
HMY,18.22,0.99,17.99,2016-01-04,2025-04-16,3389,9544287232.0,Gold
LWAY,18.21,1.5,27.31,2020-03-18,2024-05-09,1513,339031360.0,Packaged Foods
RDNT,18.19,4.75,86.38,2016-04-06,2024-11-11,3141,4356247552.0,Diagnostics & Research
UI,18.16,25.11,456.05,2016-01-19,2025-05-13,3401,23806916608.0,Communication Equipment
INVE,18.16,1.56,28.33,2016-02-09,2021-12-27,2148,78173592.0,Building Products & Equipment
MPWR,18.12,51.96,941.36,2016-02-09,2024-08-21,3115,32492324864.0,Semiconductors
FFAIW,18.11,0.27,4.89,2020-09-03,2021-02-22,172,,Auto Manufacturers
BELFA,18.06,5.8,104.83,2020-03-19,2024-10-16,1672,906053376.0,Electronic Components
VCYT,18.04,4.51,81.38,2016-03-23,2021-02-09,1784,2162266112.0,Diagnostics & Research
AMAT,18.04,14.04,253.31,2016-02-11,2024-07-10,3071,131802300416.0,Semiconductor Equipment & Materials
MHO,18.03,9.7,174.92,2020-03-18,2024-10-16,1673,2849528576.0,Residential Construction
CIFR,18.03,0.41,7.43,2022-12-28,2024-11-11,684,1301101568.0,Capital Markets
KKR,18.02,9.24,166.62,2016-02-11,2025-01-31,3277,108952731648.0,Asset Management
ELTK,17.96,1.23,22.02,2019-05-13,2024-02-12,1736,67140400.0,Electronic Components
GALT,17.96,0.51,9.16,2016-11-03,2018-06-18,592,81013248.0,Biotechnology
BRN,17.95,0.31,5.6,2020-03-30,2021-01-28,304,12667410.0,Oil & Gas E&P
SYTAW,17.93,0.03,0.54,2023-06-30,2025-05-20,690,,Communication Equipment
YPF,17.91,2.57,46.03,2020-03-18,2025-01-07,1756,14608347136.0,Oil & Gas Integrated
ZKIN,17.9,4.83,86.45,2020-03-19,2021-03-22,368,14355781.0,Steel
IPI,17.87,6.69,119.5,2016-03-01,2022-04-18,2238,491389952.0,Agricultural Inputs
APRE,17.85,0.47,8.46,2023-02-13,2024-02-29,381,8850192.0,Biotechnology
TWI,17.82,1.1,19.6,2020-05-14,2022-06-07,754,451025728.0,Farm & Heavy Construction Machinery
BORR,17.78,0.47,8.38,2020-03-18,2023-08-01,1231,385287488.0,Oil & Gas Drilling
LEXXW,17.77,0.12,2.2,2023-11-02,2024-03-11,130,,Biotechnology
VET,17.66,1.56,27.51,2020-03-18,2022-08-29,894,994980032.0,Oil & Gas E&P
IDN,17.66,0.85,15.01,2016-02-10,2021-02-08,1825,84141096.0,Software - Application
INFU,17.63,1.3,22.92,2017-05-18,2021-05-03,1446,126900568.0,Medical Instruments & Supplies
MRVL,17.62,7.15,125.92,2016-01-19,2025-01-23,3292,51924881408.0,Semiconductors
USLM,17.62,8.93,157.35,2016-02-11,2024-11-26,3211,2986114816.0,Building Materials
AVDL,17.59,1.07,18.82,2022-05-26,2024-05-03,708,885160832.0,Drug Manufacturers - Specialty & Generic
CRS,17.55,13.43,235.71,2020-03-20,2025-05-19,1886,11463674880.0,Metal Fabrication
TBBK,17.53,3.58,62.75,2020-03-18,2025-02-05,1785,2433575424.0,Banks - Regional
UFPT,17.52,20.46,358.42,2016-06-20,2024-09-20,3014,1766403072.0,Medical Devices
CDNS,17.5,18.66,326.5,2016-01-13,2024-06-18,3078,86704480256.0,Software - Application
SHOT,17.5,0.32,5.6,2023-06-09,2023-12-04,178,28845262.0,Beverages - Non-Alcoholic
TREX,17.48,8.05,140.68,2016-01-19,2021-12-10,2152,6094782464.0,Building Products & Equipment
LPSN,17.47,4.1,71.56,2016-02-11,2021-02-19,1835,67909712.0,Software - Application
CCEC,17.46,1.35,23.57,2016-03-14,2025-05-20,3354,1364590080.0,Marine Shipping
DKS,17.41,14.28,248.55,2020-03-18,2025-01-30,1779,14081692672.0,Specialty Retail
RCON,17.4,14.15,246.24,2020-09-09,2021-06-03,267,53457080.0,Oil & Gas Equipment & Services
EDN,17.4,2.83,49.23,2020-04-24,2024-12-13,1694,1550410752.0,Utilities - Regulated Electric
AA,17.4,5.27,91.7,2020-03-20,2022-03-24,734,7319159808.0,Aluminum
RYI,17.34,2.41,41.85,2016-02-11,2023-07-03,2698,684489088.0,Metal Fabrication
MYO,17.34,0.4,6.99,2023-01-12,2025-01-07,726,115852056.0,Medical Devices
FLR,17.33,3.4,58.93,2020-03-18,2024-11-07,1695,6237510144.0,Engineering & Construction
STXS,17.3,0.59,10.17,2016-01-20,2021-06-21,1978,175441632.0,Medical Instruments & Supplies
CLNE,17.26,1.08,18.64,2020-03-12,2021-02-09,334,406606880.0,Oil & Gas Refining & Marketing
SAIHW,17.22,0.02,0.35,2022-12-19,2023-04-14,115,,Information Technology Services
CALX,17.2,4.65,79.97,2017-09-08,2021-12-31,1575,3047850496.0,Software - Infrastructure
VST,17.2,11.14,191.57,2020-03-18,2025-01-23,1772,51602219008.0,Utilities - Independent Power Producers
OPTT,17.17,0.34,5.84,2020-03-18,2021-01-25,313,86059912.0,Specialty Industrial Machinery
EXTR,17.16,1.88,32.27,2020-03-18,2023-08-11,1241,2117371136.0,Communication Equipment
AREN,17.12,0.57,9.76,2024-11-14,2025-05-19,185,388097760.0,Internet Content & Information
SYRE,17.06,2.66,45.37,2023-06-21,2024-03-15,268,892026176.0,Biotechnology
QURE,17.05,4.82,82.19,2017-05-09,2019-06-21,773,848601728.0,Biotechnology
GDC,17.03,1.82,31.0,2022-12-28,2023-05-01,123,28496328.0,Electronic Gaming & Multimedia
NGVC,16.97,3.52,59.74,2017-10-27,2025-05-09,2751,1160142720.0,Grocery Stores
VTLE,16.97,6.85,116.32,2020-04-07,2022-06-07,791,567564992.0,Oil & Gas E&P
DFIN,16.97,4.12,69.9,2020-03-25,2024-09-17,1637,1498575744.0,Software - Application
RACE,16.94,29.86,505.86,2016-02-11,2025-02-20,3297,88410079232.0,Auto Manufacturers
DVN,16.88,4.08,68.79,2020-03-18,2022-10-31,957,20226148352.0,Oil & Gas E&P
SLNHP,16.88,0.8,13.5,2023-10-17,2024-10-31,380,,Capital Markets
XPEL,16.87,6.01,101.4,2019-07-19,2021-07-23,735,991506432.0,Auto Parts
GILT,16.86,1.26,21.3,2016-01-07,2021-02-12,1863,334397376.0,Communication Equipment
LIVE,16.84,4.2,70.74,2020-03-20,2021-06-08,445,71504832.0,Home Improvement Retail
CZR,16.83,7.1,119.49,2020-03-18,2021-10-01,562,5814785024.0,Resorts & Casinos
ONC,16.81,23.98,403.14,2016-02-12,2021-09-17,2043,27199188992.0,Biotechnology
GTLS,16.8,14.25,239.47,2016-01-20,2022-11-08,2484,7256591360.0,Specialty Industrial Machinery
GRBK,16.79,4.99,83.77,2016-02-11,2024-10-16,3169,2609222400.0,Residential Construction
CLMB,16.79,8.31,139.45,2018-12-24,2024-11-22,2160,492958784.0,Electronics & Computer Distribution
WPRT,16.77,7.25,121.6,2020-03-23,2021-02-08,322,50593964.0,Auto Parts
TMDX,16.77,10.5,176.11,2020-03-16,2024-08-27,1625,4104378112.0,Medical Devices
AVPTW,16.73,0.51,8.6,2022-10-19,2025-05-13,937,,Software - Infrastructure
TIGR,16.69,2.2,36.72,2020-03-18,2021-02-16,335,1571876480.0,Capital Markets
ADAP,16.69,0.72,12.1,2019-11-15,2020-06-02,199,72889304.0,Biotechnology
MLSS,16.68,0.28,4.67,2018-12-24,2021-03-10,807,77912256.0,Medical Instruments & Supplies
NMM,16.68,3.82,63.78,2020-03-23,2024-10-03,1655,1158854784.0,Marine Shipping
LLY,16.67,57.26,954.76,2016-12-01,2024-08-30,2828,650813702144.0,Drug Manufacturers - General
SNAP,16.66,4.99,83.11,2018-12-21,2021-09-24,1007,13837370368.0,Internet Content & Information
SRPT,16.64,10.74,178.74,2016-02-08,2020-12-22,1779,3935993856.0,Biotechnology
GOGO,16.63,1.4,23.28,2020-05-08,2022-04-14,706,1603039616.0,Telecom Services
STIM,16.62,1.28,21.27,2020-03-23,2021-01-22,305,263939424.0,Medical Devices
CMBM,16.6,3.91,64.92,2020-03-16,2021-04-12,392,12709710.0,Communication Equipment
KLAC,16.58,53.33,884.19,2016-02-11,2024-07-10,3071,103007805440.0,Semiconductor Equipment & Materials
MCRB,16.55,45.6,754.6,2019-06-14,2020-11-17,522,67239632.0,Biotechnology
VEEV,16.55,20.61,341.0,2016-02-11,2021-08-05,2001,38294188032.0,Health Information Services
FANG,16.51,12.39,204.52,2020-03-18,2024-07-17,1582,39825420288.0,Oil & Gas E&P
FTEK,16.51,0.39,6.44,2020-04-02,2021-01-25,298,49243840.0,Pollution & Treatment Controls
IONQ,16.47,3.1,51.07,2022-12-27,2025-01-06,741,8310642176.0,Computer Hardware
DY,16.47,13.49,222.22,2020-03-18,2025-05-21,1890,6450259968.0,Engineering & Construction
PTCT,16.45,4.19,68.92,2016-11-03,2021-01-07,1526,3662465792.0,Biotechnology
AM,16.43,1.15,18.96,2020-03-18,2025-05-16,1885,8899096576.0,Oil & Gas Midstream
MU,16.34,9.35,152.74,2016-05-13,2024-06-18,2958,107107909632.0,Semiconductors
AVTX,16.33,1272.96,20793.6,2017-04-28,2019-02-27,670,41036604.0,Biotechnology
WULF,16.32,0.54,8.82,2023-03-16,2024-11-11,606,1503723520.0,Capital Markets
NXE,16.29,0.55,8.88,2020-03-23,2024-11-22,1705,3116089344.0,Uranium
GDS,16.25,7.12,115.71,2017-06-09,2021-02-19,1351,5602337792.0,Information Technology Services
EXE,16.24,7.13,115.75,2020-05-14,2025-05-21,1833,27298572288.0,Oil & Gas E&P
ATKR,16.22,11.72,190.07,2020-03-18,2024-04-01,1475,2209900544.0,Electrical Equipment & Parts
PHVS,16.2,1.98,32.07,2022-12-02,2024-02-05,430,893686848.0,Biotechnology
CDIOW,16.2,0.04,0.73,2023-02-24,2023-03-02,6,,Biotechnology
ARLP,16.19,1.71,27.74,2020-10-19,2025-01-24,1558,3436733184.0,Thermal Coal
KURA,16.19,2.57,41.62,2016-07-05,2020-12-11,1620,536763136.0,Biotechnology
VRNS,16.17,4.54,73.41,2016-02-09,2021-09-07,2036,5183246848.0,Software - Infrastructure
ONMDW,16.16,0.01,0.08,2024-01-22,2024-08-13,203,,Health Information Services
NAK,16.16,0.21,3.36,2016-01-20,2017-02-10,387,538423936.0,Other Industrial Metals & Mining
AGYS,16.16,8.77,141.74,2016-01-11,2024-12-17,3263,2806903040.0,Software - Application
KOS,16.16,0.53,8.55,2020-03-19,2023-02-27,1075,783934720.0,Oil & Gas E&P
PBR,16.14,0.93,15.0,2016-02-11,2024-05-09,3009,75300618240.0,Oil & Gas Integrated
CG,16.12,3.48,56.15,2016-02-09,2025-01-23,3271,15835812864.0,Asset Management
XPRO,16.12,1.54,24.83,2020-09-30,2023-09-15,1080,896588096.0,Oil & Gas Equipment & Services
EH,16.12,7.7,124.09,2020-07-28,2021-02-12,199,1228782208.0,Aerospace & Defense
INO,16.09,23.64,380.28,2019-10-01,2020-06-29,272,72615312.0,Biotechnology
CEADW,16.06,0.0,0.05,2023-12-27,2024-04-18,112,,Farm & Heavy Construction Machinery
HYMCL,16.05,0.05,0.73,2022-02-22,2022-03-29,34,,Gold
BE,15.97,2.67,42.65,2019-10-24,2021-02-08,473,4228889856.0,Electrical Equipment & Parts
CRMLW,15.96,0.04,0.64,2022-10-24,2025-02-05,835,,Other Industrial Metals & Mining
INTZ,15.96,0.36,5.68,2024-12-23,2024-12-30,7,32031112.0,Software - Infrastructure
TGTX,15.96,3.44,54.9,2018-12-24,2020-12-21,728,5429421568.0,Biotechnology
AZTA,15.94,7.78,124.04,2016-02-09,2021-11-08,2099,1258031616.0,Medical Instruments & Supplies
JYD,15.94,0.5,7.97,2024-07-05,2025-04-01,270,24444358.0,Integrated Freight & Logistics
AREC,15.91,0.46,7.32,2020-02-25,2021-02-09,350,61944780.0,Coking Coal
NITO,15.89,0.17,2.64,2024-12-18,2025-01-03,16,7121296.0,Agricultural Inputs
HWM,15.89,10.46,166.24,2020-04-21,2025-05-19,1854,65701974016.0,Aerospace & Defense
MARPS,15.89,0.75,11.85,2020-05-15,2022-03-08,662,7600000.0,Oil & Gas Midstream
MSGM,15.88,2.33,37.0,2022-12-27,2023-02-01,36,14930643.0,Electronic Gaming & Multimedia
ONEW,15.88,3.84,60.97,2020-03-18,2021-12-31,653,250355136.0,Specialty Retail
ORGO,15.87,9.45,150.0,2017-12-11,2019-01-11,396,381830528.0,Drug Manufacturers - Specialty & Generic
NOVT,15.87,11.73,186.2,2016-02-05,2024-07-16,3083,4423329280.0,Scientific & Technical Instruments
APT,15.83,1.57,24.86,2016-01-07,2020-08-03,1669,47801600.0,Building Products & Equipment
LINC,15.83,1.37,21.69,2016-06-23,2025-05-16,3249,677349632.0,Education & Training Services
SID,15.83,0.45,7.13,2016-01-20,2021-05-11,1937,2135004928.0,Steel
CTNT,15.82,14.93,236.16,2023-11-01,2024-05-20,201,4659665.0,Integrated Freight & Logistics
TRNS,15.8,9.12,144.07,2016-02-12,2024-07-22,3082,841483008.0,Specialty Business Services
ATEC,15.8,1.19,18.8,2019-02-07,2023-07-13,1616,1850550016.0,Medical Devices
WSM,15.75,13.76,216.68,2020-03-18,2025-02-18,1798,20739631104.0,Specialty Retail
FCX,15.75,3.43,53.96,2016-01-13,2024-05-20,3049,54589956096.0,Copper
WLFC,15.74,14.65,230.64,2020-05-15,2024-11-07,1637,915404160.0,Rental & Leasing Services
GOTU,15.73,9.07,142.7,2019-07-10,2021-01-27,567,941104192.0,Education & Training Services
SMR,15.73,1.92,30.21,2024-01-18,2024-11-22,309,3183947776.0,Specialty Industrial Machinery
HONDW,15.73,0.08,1.29,2024-10-23,2025-05-13,202,,Shell Companies
SCNI,15.72,325.0,5110.0,2016-11-23,2020-07-13,1327,2860068.0,Biotechnology
CSWI,15.71,27.46,431.32,2016-02-22,2024-11-25,3199,5277446144.0,Specialty Industrial Machinery
SUPV,15.69,1.21,18.94,2022-07-20,2025-01-10,905,1393690112.0,Banks - Regional
BCC,15.67,9.7,151.98,2016-02-18,2024-11-25,3203,3286201856.0,Lumber & Wood Production
GDEN,15.67,3.45,54.1,2020-03-20,2022-04-01,742,727499456.0,Resorts & Casinos
APPN,15.67,15.01,235.24,2017-05-25,2021-01-27,1343,2309981696.0,Software - Infrastructure
BILI,15.65,9.99,156.37,2018-05-04,2021-02-10,1013,7440282624.0,Internet Content & Information
CVE,15.59,1.48,22.99,2020-03-18,2022-06-07,811,24050722816.0,Oil & Gas Integrated
ONFOW,15.57,0.02,0.33,2024-03-06,2024-12-19,288,,Internet Content & Information
IDYA,15.55,3.03,47.13,2020-03-17,2024-02-16,1431,1677195264.0,Biotechnology
APVO,15.55,5063.08,78730.08,2020-04-03,2020-11-11,222,2917792.0,Biotechnology
RGEN,15.49,20.93,324.21,2016-02-08,2021-09-23,2053,6753770496.0,Medical Instruments & Supplies
IBP,15.47,17.21,266.23,2016-01-19,2024-07-31,3115,4252495616.0,Residential Construction
CPRT,15.47,4.13,63.84,2016-01-21,2025-05-16,3402,59018620928.0,Specialty Business Services
LSF,15.46,0.65,10.05,2023-05-31,2024-12-04,553,73248712.0,Packaged Foods
BBAI,15.46,0.63,9.78,2022-12-29,2025-02-13,777,1083223040.0,Information Technology Services
EVI,15.44,2.98,46.02,2016-03-11,2018-08-24,895,239225632.0,Industrial Distribution
GPI,15.42,31.35,483.54,2020-03-18,2025-02-13,1793,5578607104.0,Auto & Truck Dealerships
CRSP,15.42,13.62,210.04,2017-05-31,2021-01-14,1324,3194593280.0,Biotechnology
BOOM,15.34,4.88,74.88,2016-01-19,2019-06-05,1232,132779736.0,Conglomerates
RILY,15.34,4.59,70.35,2016-07-07,2021-12-29,2001,92101240.0,Financial Conglomerates
ON,15.33,7.05,108.09,2016-02-11,2023-08-01,2727,18244857856.0,Semiconductors
SNPS,15.33,40.53,621.3,2016-01-13,2024-07-05,3095,77535739904.0,Software - Infrastructure
GLOB,15.32,23.13,354.44,2016-02-12,2021-11-09,2097,4526517760.0,Information Technology Services
NXL,15.3,0.28,4.36,2023-10-24,2024-12-06,409,20613480.0,Medical Devices
CDIO,15.3,6.0,91.8,2023-10-25,2024-01-02,69,7526319.0,Biotechnology
OBLG,15.29,372.68,5700.0,2019-08-21,2020-11-30,467,4504252.0,Software - Application
IMPP,15.29,7.36,112.5,2022-02-18,2022-03-07,17,87414608.0,Oil & Gas Midstream
RDW,15.27,1.68,25.66,2022-12-28,2025-02-13,778,888771584.0,Aerospace & Defense
BYRN,15.26,2.24,34.19,2023-09-29,2025-02-10,500,540612736.0,Aerospace & Defense
ASML,15.26,71.37,1089.33,2016-01-15,2024-07-10,3098,289855242240.0,Semiconductor Equipment & Materials
FRHC,15.26,12.0,183.07,2020-03-18,2025-05-20,1889,10783727616.0,Financial Conglomerates
CTRN,15.23,7.12,108.45,2020-04-03,2021-04-23,385,213648208.0,Apparel Retail
IHT,15.21,0.73,11.13,2020-05-13,2021-06-08,391,21559036.0,REIT - Hotel & Motel
TRVI,15.2,0.46,6.99,2022-02-23,2025-05-02,1163,628784064.0,Biotechnology
YRD,15.19,3.21,48.78,2016-02-11,2017-10-18,614,533992128.0,Credit Services
MPC,15.17,14.14,214.57,2020-03-23,2024-04-05,1474,48140435456.0,Oil & Gas Refining & Marketing
PIIIW,15.16,0.03,0.47,2023-03-22,2023-06-06,76,,Medical Care Facilities
NUVL,15.16,7.4,112.17,2022-05-16,2024-09-16,854,5289436672.0,Biotechnology
AMRK,15.11,3.04,45.96,2020-01-28,2024-09-13,1689,500373888.0,Capital Markets
CDLX,15.11,10.4,157.18,2018-12-21,2021-02-12,784,96079392.0,Advertising Agencies
PXSAW,15.11,0.13,2.01,2022-01-27,2023-03-03,400,,Oil & Gas Midstream
VOC,15.08,0.65,9.82,2016-01-19,2023-01-20,2558,52360000.0,Oil & Gas E&P
WAVE,15.06,1.04,15.64,2024-03-27,2024-12-11,259,35050380.0,Utilities - Renewable
BELFB,15.06,6.06,91.19,2020-04-23,2024-12-17,1699,913420480.0,Electronic Components
RMBL,15.05,3.82,57.5,2020-03-16,2021-03-15,364,74960824.0,Auto & Truck Dealerships
EVER,15.02,4.18,62.79,2018-12-31,2020-07-09,555,817498496.0,Internet Content & Information
CURI,15.02,0.42,6.32,2024-02-26,2025-05-21,449,360535456.0,Broadcasting
CLFD,15.01,8.77,131.62,2018-12-21,2022-11-30,1440,522950144.0,Communication Equipment
PDS,15.0,5.7,85.5,2020-03-23,2023-01-20,1033,560401408.0,Oil & Gas Drilling
MTLS,14.99,5.38,80.62,2016-02-23,2021-02-09,1813,303014752.0,Software - Application
ENTG,14.99,10.18,152.58,2016-01-21,2021-11-29,2139,10965902336.0,Semiconductor Equipment & Materials
MHUA,14.99,2.6,39.0,2022-07-26,2023-02-21,210,11804665.0,Medical Instruments & Supplies
GGAL,14.98,4.82,72.22,2020-04-27,2025-01-07,1716,10147546112.0,Banks - Regional
PBF,14.97,3.96,59.26,2020-10-28,2024-04-05,1255,2327973888.0,Oil & Gas Refining & Marketing
VVOS,14.96,2.74,41.0,2023-11-10,2023-11-29,19,12250201.0,Medical Devices
SGLY,14.96,22.5,336.5,2016-02-16,2016-11-16,274,3866790.0,Integrated Freight & Logistics
ASND,14.92,12.25,182.76,2016-06-07,2020-12-14,1651,9558267904.0,Biotechnology
VNOM,14.91,3.68,54.91,2020-03-23,2024-11-22,1705,11674409984.0,Oil & Gas Midstream
TUSK,14.91,0.58,8.65,2020-04-07,2022-12-30,997,117430856.0,Conglomerates
BMR,14.9,1.08,16.09,2023-11-01,2024-02-14,105,40504068.0,Software - Application
THC,14.9,11.32,168.66,2020-03-18,2025-05-20,1889,15124464640.0,Medical Care Facilities
BBAR,14.86,1.59,23.65,2022-07-14,2025-01-22,923,4627956224.0,Banks - Regional
TWST,14.86,14.0,207.97,2018-10-31,2021-01-20,812,1705811328.0,Diagnostics & Research
NET,14.86,14.62,217.25,2019-10-22,2021-11-18,758,54251397120.0,Software - Infrastructure
BTCT,14.85,1.33,19.75,2024-09-18,2024-11-14,57,25350118.0,Computer Hardware
HTCO,14.82,0.28,4.15,2024-09-09,2025-01-02,115,38266400.0,Marine Shipping
RPD,14.81,9.46,140.13,2016-02-09,2021-11-08,2099,1471722368.0,Software - Infrastructure
BVS,14.8,0.93,13.71,2023-05-04,2024-11-04,550,431324416.0,Medical Devices
CORZZ,14.79,1.23,18.19,2024-04-16,2024-11-22,220,,Software - Infrastructure
TRAW,14.79,44.63,660.0,2019-11-26,2021-02-18,450,6400824.0,Biotechnology
CLIR,14.79,0.39,5.8,2020-03-20,2021-04-01,377,37219972.0,Pollution & Treatment Controls
ACLX,14.78,7.21,106.53,2022-05-18,2024-11-11,908,3611693056.0,Biotechnology
ZS,14.78,24.95,368.78,2018-05-25,2021-11-19,1274,38483202048.0,Software - Infrastructure
MREO,14.76,0.33,4.87,2022-05-11,2024-08-26,838,356160000.0,Biotechnology
SENS,14.76,0.36,5.28,2020-10-28,2021-02-16,111,377145504.0,Medical Devices
CRVS,14.75,0.65,9.56,2023-03-28,2024-11-11,594,279926016.0,Biotechnology
BMA,14.72,7.87,115.85,2022-07-21,2025-01-07,901,6022028800.0,Banks - Regional
CTRM,14.69,11.78,173.0,2020-11-02,2021-02-11,101,20580806.0,Marine Shipping
W,14.69,23.52,345.47,2020-03-19,2021-03-22,368,4673231872.0,Internet Retail
IPWR,14.69,1.53,22.47,2020-03-23,2021-02-05,319,42493460.0,Electrical Equipment & Parts
CNTY,14.65,1.08,15.82,2020-03-19,2021-11-03,594,59831072.0,Resorts & Casinos
ATI,14.64,5.23,76.58,2020-03-23,2025-05-19,1883,10604081152.0,Metal Fabrication
WK,14.64,10.99,160.85,2016-02-12,2021-11-09,2097,3823896064.0,Software - Application
DXCM,14.64,11.12,162.82,2017-10-26,2021-11-17,1483,33285963776.0,Medical Devices
USAC,14.61,1.96,28.64,2020-03-18,2025-02-10,1790,2899572224.0,Oil & Gas Equipment & Services
OPRX,14.61,6.71,98.0,2020-03-16,2021-10-21,584,214728112.0,Health Information Services
PETZ,14.59,9.53,139.0,2019-05-17,2021-11-09,907,9292002.0,Restaurants
NPCE,14.57,1.29,18.8,2022-12-28,2025-05-21,874,594636800.0,Medical Devices
AREB,14.55,1.34,19.5,2025-03-31,2025-04-04,4,5378288.0,Footwear & Accessories
IREN,14.52,1.06,15.39,2022-12-28,2024-12-06,709,2150197760.0,Capital Markets
CRAI,14.51,14.5,210.44,2016-02-11,2025-02-20,3297,1276118400.0,Consulting Services
YYAI,14.5,3.09,44.8,2024-01-26,2024-04-15,79,11651857.0,Leisure
LGVN,14.49,29.2,423.0,2021-11-17,2021-11-24,7,19962370.0,Biotechnology
DKL,14.48,3.32,48.02,2020-03-18,2022-08-25,890,2169914112.0,Oil & Gas Refining & Marketing
DOMH,14.48,0.86,12.47,2024-12-30,2025-02-13,45,69412080.0,Capital Markets
CAL,14.48,3.01,43.57,2020-03-18,2024-08-23,1619,552980352.0,Apparel Retail
NFLX,14.47,82.79,1197.56,2016-02-05,2025-05-21,3392,508399910912.0,Entertainment
FNGR,14.44,0.62,8.95,2022-09-22,2022-10-12,20,225136336.0,Telecom Services
ISPOW,14.44,0.0,0.04,2024-01-11,2024-08-21,222,,Travel Services
INMD,14.42,6.78,97.86,2019-08-08,2021-11-02,817,898202752.0,Medical Devices
SGRY,14.33,4.68,67.05,2020-03-16,2021-06-25,466,2905387264.0,Medical Care Facilities
NOG,14.32,2.96,42.36,2020-11-06,2024-11-29,1484,2655140096.0,Oil & Gas E&P
UCTT,14.26,4.56,65.01,2016-02-12,2021-04-05,1878,916978176.0,Semiconductor Equipment & Materials
LGMK,14.25,1200.0,17100.0,2020-03-12,2021-02-17,342,714940.0,Health Information Services
RVPH,14.25,0.6,8.55,2022-08-10,2023-05-05,268,46272500.0,Biotechnology
XBPEW,14.25,0.02,0.28,2022-12-29,2023-10-02,276,,Software - Infrastructure
MFH,14.22,0.56,7.9,2022-11-11,2025-02-06,818,315885536.0,Information Technology Services
ODFL,14.18,16.3,231.19,2016-01-20,2024-11-11,3218,34697449472.0,Trucking
MKDWW,14.18,0.01,0.09,2024-01-25,2024-08-07,194,,
OII,14.16,2.16,30.58,2020-03-18,2024-12-02,1720,1901245440.0,Oil & Gas Equipment & Services
ASMB,14.13,54.48,769.92,2016-02-29,2018-03-14,743,103794304.0,Biotechnology
GROW,14.09,0.75,10.58,2020-03-24,2021-04-09,381,28974492.0,Asset Management
PBT,14.06,1.79,25.16,2020-10-28,2023-04-10,894,515493344.0,Oil & Gas Midstream
NXTT,14.04,0.23,3.27,2025-04-08,2025-05-12,34,863804672.0,Software - Application
JVA,14.02,0.68,9.57,2023-10-10,2025-03-07,514,18381692.0,Packaged Foods
PLAY,14.02,4.87,68.29,2020-03-18,2024-04-03,1477,696028288.0,Entertainment
PRDO,14.0,2.24,31.36,2016-02-12,2025-05-19,3383,2027693184.0,Education & Training Services
WLDSW,13.99,0.45,6.3,2024-11-22,2025-03-17,114,,Consumer Electronics
RFL,13.98,4.55,63.59,2018-04-02,2021-07-12,1197,49906424.0,Real Estate Services
SLP,13.98,6.28,87.83,2016-06-24,2021-02-09,1691,637518720.0,Health Information Services
CPSS,13.97,1.08,15.09,2020-03-19,2022-05-09,781,189941840.0,Credit Services
TGB,13.93,0.22,3.05,2020-03-23,2024-05-20,1519,650702528.0,Copper
BMEA,13.93,3.0,41.8,2022-04-29,2023-06-08,405,54479836.0,Biotechnology
GSL,13.9,2.05,28.43,2020-03-19,2024-06-25,1559,913463168.0,Marine Shipping
COHN,13.89,1.9,26.41,2019-11-27,2021-03-03,462,17670162.0,Capital Markets
ESLAW,13.89,0.02,0.3,2023-01-25,2023-09-01,218,,Biotechnology
CDXS,13.88,3.01,41.78,2016-03-22,2021-11-08,2057,193856832.0,Biotechnology
RVSN,13.87,1.08,14.98,2024-01-03,2024-01-30,27,20665310.0,Railroads
MED,13.84,21.3,294.78,2016-02-04,2021-05-28,1939,145520832.0,Personal Services
HOVRW,13.83,0.01,0.13,2024-10-15,2024-12-27,73,,Aerospace & Defense
TKO,13.83,12.74,176.16,2016-02-12,2025-02-12,3288,13066520576.0,Entertainment
GRNQ,13.83,3.0,41.5,2020-04-03,2021-02-17,320,8333391.0,Consulting Services
AGI,13.81,2.2,30.33,2016-01-20,2025-04-16,3373,10976746496.0,Gold
PIPR,13.81,24.91,344.02,2016-02-02,2024-11-25,3219,4145540608.0,Capital Markets
CRWD,13.79,33.01,455.36,2020-03-16,2025-02-18,1800,108282429440.0,Software - Infrastructure
AENT,13.78,0.74,10.26,2023-12-15,2025-01-06,388,150265328.0,Entertainment
NIVFW,13.77,0.01,0.12,2022-11-28,2024-04-23,511,,Medical Care Facilities
WCC,13.75,15.43,212.14,2020-03-18,2024-11-25,1713,8104830976.0,Industrial Distribution
EVGOW,13.73,0.14,1.91,2024-07-02,2024-10-24,114,,Specialty Retail
IDT,13.73,4.8,65.98,2018-05-31,2021-11-12,1261,1529338368.0,Telecom Services
AREBW,13.73,0.01,0.07,2023-12-08,2025-04-04,482,,
ERJ,13.72,4.11,56.34,2020-11-02,2025-03-19,1597,8783419392.0,Aerospace & Defense
FOXXW,13.71,0.02,0.34,2022-10-26,2024-12-06,772,,Consumer Electronics
HEES,13.7,7.34,100.57,2016-02-11,2025-02-18,3295,3469760256.0,Rental & Leasing Services
DRD,13.68,1.25,17.16,2016-01-04,2025-04-16,3389,1313488512.0,Gold
MVO,13.66,0.86,11.73,2020-03-23,2022-12-30,1012,67850000.0,Oil & Gas E&P
NNE,13.65,3.26,44.51,2024-05-14,2025-01-24,255,963783424.0,Specialty Industrial Machinery
CMG,13.64,5.03,68.55,2018-02-13,2024-06-18,2316,68432416768.0,Restaurants
LXEH,13.63,2.06,28.08,2024-11-21,2025-04-08,137,2391673.0,Education & Training Services
MLTX,13.62,4.69,63.86,2022-05-16,2024-02-12,637,2446299648.0,Biotechnology
CHSN,13.62,1.1,14.98,2023-04-10,2023-12-14,248,11766171.0,Restaurants
ELEV,13.61,0.38,5.17,2023-11-10,2024-04-03,144,18767992.0,Biotechnology
CRGOW,13.59,0.03,0.37,2023-11-27,2025-02-21,452,,Integrated Freight & Logistics
AVNW,13.59,3.09,41.98,2016-06-27,2021-04-06,1744,260701904.0,Communication Equipment
TDUP,13.59,0.53,7.18,2024-11-04,2025-05-20,196,833641344.0,Internet Retail
CREV,13.58,6.67,90.59,2023-10-24,2023-11-07,14,6569852.0,Auto Parts
INSP,13.56,24.05,326.08,2018-05-07,2023-07-14,1894,4308763648.0,Medical Devices
RICK,13.56,7.08,95.98,2020-03-18,2023-01-11,1029,349730432.0,Restaurants
CNQ,13.51,2.92,39.47,2020-03-18,2024-04-10,1484,64326492160.0,Oil & Gas E&P
BZUN,13.51,4.91,66.33,2016-02-12,2018-06-12,850,187083504.0,Internet Retail
AERTW,13.51,0.01,0.15,2022-12-20,2023-10-30,313,,Consulting Services
MDIA,13.49,0.42,5.6,2023-12-28,2024-08-14,229,46185480.0,Broadcasting
SSY,13.47,0.36,4.85,2016-02-19,2021-03-16,1851,5991550.0,Pharmaceutical Retailers
PVL,13.46,0.32,4.28,2020-11-09,2022-06-10,577,51810000.0,Oil & Gas E&P
QS,13.45,9.79,131.67,2020-08-21,2020-12-22,123,2185400832.0,Auto Parts
TIL,13.39,6.31,84.52,2023-12-07,2024-09-13,280,106402064.0,Biotechnology
PODD,13.38,24.68,330.23,2016-02-11,2023-05-12,2646,22836654080.0,Medical Devices
CHX,13.38,2.9,38.82,2020-03-23,2024-04-05,1474,4715092992.0,Oil & Gas Equipment & Services
WVE,13.37,1.23,16.44,2022-05-13,2024-11-08,910,930969344.0,Biotechnology
VALE,13.35,1.24,16.59,2016-01-25,2022-04-04,2260,41281347584.0,Other Industrial Metals & Mining
TSM,13.34,16.79,223.93,2016-01-13,2025-01-23,3298,994567061504.0,Semiconductors
TAL,13.34,6.76,90.15,2016-01-15,2021-02-19,1862,6550427648.0,Education & Training Services
MOBBW,13.32,0.07,0.88,2024-06-05,2024-12-26,204,96355736.0,Aerospace & Defense
SFM,13.3,13.32,177.12,2020-03-12,2025-02-14,1800,16115353600.0,Grocery Stores
OKTA,13.29,21.95,291.78,2017-07-31,2021-02-12,1292,21369165824.0,Software - Infrastructure
FOXF,13.29,14.14,187.93,2016-01-26,2021-11-15,2120,1014028416.0,Auto Parts
CMMB,13.27,9.6,127.36,2020-03-25,2021-02-10,322,26022108.0,Biotechnology
HYMCW,13.27,0.3,3.98,2020-04-01,2020-08-06,127,,Gold
COGT,13.27,1.28,16.99,2020-03-16,2022-09-01,899,567002880.0,Biotechnology
EVGN,13.25,7.5,99.4,2020-03-18,2021-02-11,330,8366253.0,Biotechnology
UKOMW,13.25,0.05,0.66,2020-04-29,2021-02-05,282,,Real Estate Services
AIFU,13.25,0.11,1.51,2025-04-29,2025-05-21,22,185296960.0,Insurance Brokers
UPST,13.23,29.47,390.0,2020-12-16,2021-10-15,302,4178763776.0,Credit Services
CWH,13.2,2.96,39.1,2020-03-18,2021-05-04,412,986093760.0,Auto & Truck Dealerships
SRZNW,13.17,0.01,0.08,2023-10-17,2024-03-25,160,,Biotechnology
LNZAW,13.15,0.12,1.61,2022-10-06,2023-09-19,348,,
FLNG,13.14,2.22,29.19,2020-03-23,2022-11-30,982,1226450304.0,Oil & Gas Midstream
KAI,13.13,32.14,422.1,2016-01-21,2024-11-26,3232,3615319296.0,Specialty Industrial Machinery
VFSWW,13.13,0.6,7.89,2023-08-21,2023-08-31,10,,Auto Manufacturers
STEC,13.13,0.21,2.7,2024-08-19,2024-10-16,58,85680000.0,Software - Application
EME,13.12,40.83,535.64,2016-01-20,2025-01-22,3290,20757417984.0,Engineering & Construction
RIG,13.12,0.67,8.8,2020-10-30,2023-07-31,1004,2172822016.0,Oil & Gas Drilling
ZBRA,13.1,46.93,614.55,2016-07-06,2021-12-10,1983,14641971200.0,Communication Equipment
APA,13.09,3.57,46.76,2020-04-01,2022-06-07,797,6029719552.0,Oil & Gas E&P
OXBR,13.07,0.54,7.06,2018-12-24,2021-12-27,1099,12801823.0,Insurance - Reinsurance
WRN,13.07,0.2,2.64,2016-01-20,2021-05-27,1953,232006960.0,Other Industrial Metals & Mining
IMVT,13.07,3.38,44.19,2022-06-16,2023-12-26,558,2447696896.0,Biotechnology
CAAP,13.05,1.68,21.92,2020-04-03,2025-05-19,1872,3440882432.0,Airports & Air Services
EDRY,13.04,3.28,42.75,2020-06-05,2022-04-21,685,25412032.0,Marine Shipping
NVFY,13.03,9.75,127.0,2016-06-22,2016-10-03,103,21001992.0,"Furnishings, Fixtures & Appliances"
DELL,13.03,13.52,176.14,2020-03-18,2024-05-29,1533,76501696512.0,Computer Hardware
EYPT,13.03,2.28,29.71,2023-03-24,2024-02-12,325,403924640.0,Biotechnology
TYG,13.0,3.6,46.83,2020-03-18,2025-01-21,1770,439100288.0,Asset Management
UUUU,12.99,0.85,10.99,2020-03-12,2021-11-12,610,970677120.0,Uranium
HLNE,12.98,15.43,200.34,2017-03-01,2024-11-11,2812,9218347008.0,Asset Management
BX,12.98,15.1,196.0,2016-02-11,2024-11-22,3207,166806994944.0,Asset Management
GGB,12.97,0.43,5.63,2016-01-21,2023-07-31,2747,5476407296.0,Steel
REPX,12.95,3.81,49.36,2017-03-30,2021-02-10,1413,565110208.0,Oil & Gas E&P
RENB,12.95,0.4,5.18,2023-06-28,2023-10-10,104,49776820.0,Biotechnology
JFBRW,12.94,0.02,0.22,2023-12-14,2024-01-10,27,,Internet Retail
AEMD,12.91,8.36,107.9,2019-12-26,2021-06-09,530,6307242.0,Medical Devices
TOL,12.88,12.97,167.04,2020-03-23,2024-11-25,1708,10342443008.0,Residential Construction
NPKI,12.82,0.67,8.59,2020-04-01,2025-05-13,1868,666884096.0,Oil & Gas Equipment & Services
ZLAB,12.82,14.95,191.71,2018-10-11,2021-01-20,832,3573069824.0,Biotechnology
HLX,12.82,1.0,12.82,2020-04-03,2024-07-16,1565,937970688.0,Oil & Gas Equipment & Services
EGY,12.8,0.59,7.54,2017-08-28,2022-06-21,1758,345709920.0,Oil & Gas E&P
GLP,12.8,4.61,58.97,2020-03-18,2025-02-20,1800,1689127168.0,Oil & Gas Midstream
MSPRZ,12.8,0.03,0.37,2023-10-25,2023-11-06,12,,Health Information Services
SNEX,12.78,7.37,94.15,2016-02-11,2025-05-07,3372,4220524288.0,Capital Markets
NVAWW,12.77,0.86,10.98,2024-08-20,2025-01-06,139,,Other Industrial Metals & Mining
REVG,12.76,3.02,38.49,2020-03-30,2025-05-20,1877,1940403712.0,Farm & Heavy Construction Machinery
CSPI,12.76,2.17,27.73,2016-02-22,2024-03-01,2930,152187632.0,Information Technology Services
RMSGW,12.75,0.01,0.06,2023-06-07,2025-05-05,698,,
PTGX,12.74,4.69,59.76,2019-12-03,2025-03-11,1924,2840015104.0,Biotechnology
COKE,12.73,114.38,1455.8,2016-06-09,2025-02-13,3171,9920571392.0,Beverages - Non-Alcoholic
NBN,12.72,8.61,109.54,2020-03-18,2025-02-07,1787,711015040.0,Banks - Regional
EXEL,12.71,3.64,46.26,2016-02-29,2025-05-15,3362,11922794496.0,Biotechnology
DRMAW,12.7,0.0,0.06,2022-12-06,2023-02-13,69,,Biotechnology
FEMY,12.7,0.31,3.89,2023-09-21,2023-10-02,11,27512298.0,Medical Instruments & Supplies
KTTAW,12.68,0.0,0.05,2023-12-19,2024-10-02,287,,Biotechnology
ROAD,12.65,8.17,103.36,2018-12-20,2025-05-13,2335,5696111616.0,Engineering & Construction
HCC,12.65,5.89,74.53,2017-06-21,2024-11-07,2696,2520743936.0,Coking Coal
CYBR,12.64,32.78,414.31,2016-02-12,2025-02-13,3289,17807491072.0,Software - Infrastructure
TPC,12.62,2.91,36.73,2020-03-17,2025-05-16,1886,1875155072.0,Engineering & Construction
MTZ,12.61,12.75,160.79,2016-02-11,2025-01-21,3267,12256760832.0,Engineering & Construction
COSM,12.61,1.82,23.01,2022-11-09,2022-12-16,37,12845637.0,Medical Distribution
INMB,12.6,2.21,27.85,2020-03-18,2021-09-07,538,173149584.0,Biotechnology
EPAM,12.59,57.0,717.49,2016-02-12,2021-11-08,2096,10401435648.0,Information Technology Services
SERV,12.59,1.82,22.92,2024-06-26,2025-02-13,232,548384640.0,Specialty Industrial Machinery
PGR,12.56,23.18,291.12,2016-01-25,2025-03-17,3338,164728946688.0,Insurance - Property & Casualty
FBP,12.55,1.74,21.88,2016-01-25,2024-11-06,3208,3287400192.0,Banks - Regional
FN,12.55,21.8,273.5,2016-01-19,2024-08-21,3136,8132493824.0,Electronic Components
GTIM,12.53,0.45,5.64,2020-04-08,2021-10-05,545,16492929.0,Restaurants
AAPL,12.51,20.65,258.42,2016-05-12,2024-12-26,3150,3018375823360.0,Consumer Electronics
ASTH,12.51,9.55,119.45,2020-03-16,2021-11-16,610,1162715008.0,Medical Care Facilities
IMRN,12.5,1.6,20.0,2020-04-07,2020-06-09,63,9701620.0,Biotechnology
METC,12.49,1.7,21.2,2020-05-13,2024-01-09,1336,487766688.0,Coking Coal
Z,12.49,16.01,199.9,2016-02-08,2021-02-16,1835,15706783744.0,Internet Content & Information
GFI,12.48,1.98,24.67,2018-09-10,2025-04-16,2410,19708428288.0,Gold
DUO,12.48,0.35,4.38,2024-05-10,2024-10-02,145,11070946.0,Real Estate Services
BCRX,12.47,1.58,19.76,2019-11-14,2022-02-16,825,2107147392.0,Drug Manufacturers - Specialty & Generic
AMODW,12.45,0.01,0.12,2023-12-18,2025-02-13,423,,Software - Application
ALGN,12.45,58.65,729.92,2016-02-08,2021-09-08,2038,12460862464.0,Medical Instruments & Supplies
GSHD,12.45,13.49,167.96,2018-04-30,2021-10-11,1260,4040480000.0,Insurance Brokers
CNVS,12.43,5.84,72.6,2020-03-23,2020-06-04,73,53691456.0,Entertainment
KGC,12.42,1.26,15.61,2016-01-19,2025-05-07,3395,17960351744.0,Gold
AUDC,12.42,3.31,41.07,2016-06-14,2020-07-27,1504,264078976.0,Communication Equipment
WWR,12.42,0.95,11.8,2020-04-02,2020-10-06,187,36286540.0,Other Industrial Metals & Mining
AMSC,12.39,2.97,36.81,2017-08-08,2024-11-11,2652,954530176.0,Specialty Industrial Machinery
LFWD,12.38,2.94,36.4,2020-04-03,2021-02-16,319,12650058.0,Medical Devices
IMNM,12.37,2.21,27.34,2022-12-30,2024-03-07,433,689137472.0,Biotechnology
CTAS,12.37,18.24,225.64,2016-01-21,2024-11-26,3232,89257115648.0,Specialty Business Services
MRKR,12.37,0.71,8.78,2023-03-31,2023-07-25,116,12446280.0,Biotechnology
RCL,12.36,22.15,273.83,2020-03-18,2025-01-30,1779,64563388416.0,Travel Services
XYF,12.36,1.34,16.55,2020-09-24,2025-05-21,1700,734443520.0,Credit Services
LGHLW,12.36,0.07,0.9,2020-09-29,2021-02-18,142,,Capital Markets
FATBW,12.31,0.8,9.85,2020-07-14,2021-06-28,349,,Restaurants
LQDT,12.29,3.06,37.61,2020-03-27,2025-01-28,1768,778644288.0,Internet Retail
CLSD,12.29,0.59,7.2,2019-09-03,2021-08-27,724,65593740.0,Biotechnology
INTT,12.29,2.19,26.91,2020-03-18,2023-06-27,1196,72957952.0,Semiconductor Equipment & Materials
HUSA,12.27,0.92,11.3,2020-09-11,2022-03-07,542,10542897.0,Oil & Gas E&P
GCMGW,12.26,0.23,2.85,2024-02-06,2025-02-19,379,,Asset Management
ISRLW,12.25,0.02,0.24,2024-09-12,2025-05-14,244,,
PDX,12.25,2.55,31.25,2020-03-18,2025-01-17,1766,986681280.0,Asset Management
RKDA,12.24,156.8,1919.6,2017-12-07,2018-03-14,96,5618534.0,Packaged Foods
ORMP,12.24,2.43,29.75,2019-11-20,2021-11-08,719,86194552.0,Biotechnology
STKL,12.24,1.35,16.52,2019-10-18,2021-02-11,482,706427456.0,Beverages - Non-Alcoholic
DOMO,12.24,7.98,97.7,2020-03-23,2021-08-26,521,343746784.0,Software - Application
TRMD,12.24,2.89,35.4,2018-10-31,2024-07-23,2092,1753147392.0,Oil & Gas Midstream
MESO,12.23,1.72,21.04,2024-01-18,2024-12-30,347,1429997568.0,Biotechnology
HOVNP,12.22,1.41,17.26,2018-12-27,2025-04-01,2286,2413854976.0,
ILLR,12.21,0.68,8.26,2024-03-20,2024-05-06,47,137758288.0,Software - Application
LOB,12.18,7.94,96.71,2020-03-18,2021-11-04,596,1225486976.0,Banks - Regional
UCL,12.17,0.49,5.96,2022-10-10,2023-02-02,115,49675032.0,Telecom Services
PCTY,12.15,25.17,305.75,2016-02-09,2021-11-01,2091,10854923264.0,Software - Application
CRVL,12.15,10.57,128.46,2016-11-09,2025-02-05,3010,5767627264.0,Insurance Brokers
KTOS,12.14,2.99,36.29,2016-01-26,2025-05-02,3383,5262308864.0,Aerospace & Defense
APLD,12.14,0.88,10.68,2022-07-13,2024-11-25,866,1523588096.0,Information Technology Services
AXGN,12.13,4.61,55.9,2016-01-15,2018-07-23,919,518973888.0,Medical Devices
CASI,12.12,6.79,82.3,2016-01-13,2018-06-29,897,29746176.0,Biotechnology
COEPW,12.11,0.02,0.19,2022-10-20,2023-03-22,153,,
DNN,12.1,0.2,2.42,2020-03-18,2024-05-29,1533,1362444416.0,Uranium
EUDA,12.08,0.5,6.05,2023-07-18,2024-12-12,513,141194320.0,Health Information Services
MUR,12.08,3.86,46.61,2020-03-18,2022-11-11,968,2987045888.0,Oil & Gas E&P
PRPO,12.07,11.6,140.0,2020-04-07,2020-07-30,114,15011369.0,Diagnostics & Research
SPWR,12.06,0.26,3.08,2024-04-17,2024-09-19,155,137082336.0,Solar
JKS,12.06,6.47,78.0,2018-10-29,2020-10-20,722,970032128.0,Solar
WTO,12.05,46.25,557.5,2024-04-05,2024-08-27,144,8181102.0,Consumer Electronics
RVLV,12.03,7.3,87.79,2020-03-23,2021-11-18,605,1427920768.0,Internet Retail
EQT,12.02,4.69,56.36,2020-02-26,2025-05-14,1903,33349453824.0,Oil & Gas E&P
LTRX,12.01,0.83,9.97,2016-02-29,2021-11-08,2079,86336464.0,Communication Equipment
SGI,12.0,5.75,68.97,2020-03-18,2025-02-18,1798,13470418944.0,"Furnishings, Fixtures & Appliances"
BOXL,12.0,14.0,168.0,2020-03-23,2020-07-16,115,3836253.0,Communication Equipment
CYCCP,11.99,1.78,21.31,2016-01-15,2024-01-30,2937,7967159.0,Biotechnology
NKTX,11.99,1.31,15.71,2023-10-02,2024-03-06,156,120627920.0,Biotechnology
SPT,11.98,12.04,144.26,2020-04-13,2021-09-23,528,1253684096.0,Software - Application
PTEN,11.97,1.53,18.3,2020-04-03,2022-05-27,784,2157667328.0,Oil & Gas Drilling
XTIA,11.97,3206250.0,38390625.0,2019-12-12,2020-01-03,22,9317939.0,Aerospace & Defense
ZG,11.95,17.06,203.79,2016-02-08,2021-02-16,1835,15705659392.0,Internet Content & Information
NEON,11.93,1.1,13.12,2023-10-30,2025-05-02,550,169507296.0,Electronic Components
ANIX,11.9,0.6,7.14,2017-08-15,2021-03-17,1310,82424064.0,Biotechnology
DDD,11.9,4.65,55.35,2020-09-25,2021-02-09,137,219624912.0,Computer Hardware
YI,11.88,23.0,273.3,2019-09-06,2021-02-16,529,67606032.0,Medical Distribution
ELPW,11.87,0.59,6.95,2025-03-28,2025-05-19,52,225252448.0,
QLYS,11.86,17.36,205.89,2016-02-09,2023-12-19,2870,4934174208.0,Software - Infrastructure
OFG,11.85,3.9,46.19,2016-02-11,2024-11-25,3210,1876469248.0,Banks - Regional
PGY,11.84,30.36,359.4,2022-07-18,2022-08-02,15,1063126976.0,Software - Infrastructure
PDD,11.83,17.15,202.82,2018-11-13,2021-02-17,827,164963336192.0,Internet Retail
TPB,11.83,6.85,81.0,2016-06-16,2025-05-07,3247,1308563072.0,Tobacco
ZEOWW,11.82,0.01,0.15,2023-12-11,2025-01-24,410,,Solar
SJT,11.82,1.03,12.13,2020-03-23,2022-08-18,878,316007680.0,Oil & Gas E&P
JSPRW,11.82,0.02,0.24,2022-12-28,2024-03-05,433,,Biotechnology
IOVA,11.82,4.45,52.59,2017-08-16,2021-02-08,1272,586054208.0,Biotechnology
UONEK,11.82,0.63,7.4,2020-05-14,2021-10-04,508,41248576.0,Broadcasting
MTSI,11.81,12.6,148.78,2019-05-07,2025-01-21,2086,9028799488.0,Semiconductors
TAIT,11.81,0.45,5.36,2016-04-27,2019-05-08,1106,13487443.0,Electronics & Computer Distribution
GIC,11.81,3.77,44.56,2017-03-24,2024-03-21,2554,1015801920.0,Industrial Distribution
CSBR,11.8,1.48,17.47,2016-09-16,2018-09-28,742,82684864.0,Biotechnology
SRV,11.79,4.03,47.55,2020-03-18,2025-01-22,1771,173963456.0,Asset Management
TVGN,11.76,0.26,3.05,2024-10-09,2024-10-25,16,216993728.0,Biotechnology
TATT,11.74,3.0,35.21,2020-03-18,2025-05-15,1884,334229216.0,Aerospace & Defense
JAKK,11.72,3.08,36.11,2020-03-27,2023-12-19,1362,225487616.0,Leisure
BILL,11.72,29.21,342.26,2020-03-18,2021-11-09,601,4593973760.0,Software - Application
TDG,11.72,125.62,1472.62,2016-02-09,2025-05-05,3372,79082151936.0,Aerospace & Defense
JFBR,11.71,4.55,53.3,2023-11-01,2023-12-15,44,1292381.0,Internet Retail
BTG,11.71,0.52,6.07,2016-01-25,2020-08-05,1653,4268025088.0,Gold
PFSI,11.7,9.87,115.54,2016-03-10,2024-09-16,3111,4970038272.0,Mortgage Finance
GCLWW,11.7,0.01,0.12,2022-12-27,2025-02-19,785,1153350.0,Electronic Gaming & Multimedia
STLD,11.7,13.08,153.09,2016-01-21,2024-11-06,3212,19627104256.0,Steel
GDEVW,11.69,0.03,0.37,2023-03-17,2023-03-31,14,,Electronic Gaming & Multimedia
BLDEW,11.68,0.5,5.84,2020-04-02,2021-02-12,316,,Airports & Air Services
AKBA,11.68,0.25,2.92,2022-11-29,2025-05-20,902,738007168.0,Drug Manufacturers - Specialty & Generic
ESTA,11.67,7.56,88.21,2020-03-18,2021-07-01,470,1037408128.0,Medical Devices
PPSI,11.66,0.51,5.92,2020-05-29,2021-12-08,558,28356764.0,Electrical Equipment & Parts
VTGN,11.66,8.88,103.5,2019-11-15,2021-07-01,593,70134904.0,Biotechnology
CHEK,11.63,5.28,61.4,2020-11-04,2021-03-15,130,5155351.0,Diagnostics & Research
AGS,11.63,1.05,12.22,2020-03-18,2025-05-21,1890,507197216.0,Gambling
CRDO,11.63,7.35,85.5,2023-05-04,2025-01-22,629,10264470528.0,Semiconductors
IRTC,11.63,23.08,268.46,2016-11-04,2021-01-20,1538,4465391616.0,Medical Devices
TTEK,11.62,4.33,50.36,2016-01-21,2024-10-29,3203,9380706304.0,Engineering & Construction
ALVOW,11.6,0.5,5.8,2022-11-16,2024-02-26,467,,Drug Manufacturers - Specialty & Generic
WATT,11.59,12.48,144.6,2020-04-03,2021-02-19,322,8984675.0,Scientific & Technical Instruments
FSLY,11.58,11.13,128.83,2020-03-16,2020-10-13,211,1057040000.0,Software - Application
MTUS,11.58,2.26,26.18,2020-04-22,2022-06-07,776,522769824.0,Steel
PANW,11.57,18.0,208.28,2017-04-05,2025-02-18,2876,120012234752.0,Software - Infrastructure
SIRI,11.57,2.43,28.09,2024-06-10,2024-12-09,182,7407315968.0,Entertainment
ARQQ,11.56,3.79,43.83,2024-10-07,2024-12-26,80,330012064.0,Software - Infrastructure
WB,11.56,9.39,108.54,2016-02-12,2018-02-23,742,2190091776.0,Internet Content & Information
SLS,11.54,1.53,17.66,2020-04-02,2020-12-10,252,169621760.0,Biotechnology
EQ,11.52,2.3,26.5,2020-03-24,2020-07-13,111,13755503.0,Biotechnology
KALA,11.47,3.67,42.09,2022-12-22,2023-01-04,13,24325548.0,Biotechnology
AAON,11.47,12.25,140.49,2016-01-19,2024-11-11,3219,8178106368.0,Building Products & Equipment
FRO,11.46,2.33,26.71,2018-02-28,2024-05-28,2280,3940427520.0,Oil & Gas Midstream
MBOT,11.46,1.42,16.28,2018-12-18,2019-12-24,371,92399608.0,Medical Instruments & Supplies
LIQT,11.45,8.35,95.6,2017-06-21,2021-02-08,1328,14421060.0,Pollution & Treatment Controls
SLQT,11.45,0.53,6.05,2022-10-21,2025-02-18,851,381713408.0,Insurance Brokers
PRTA,11.45,6.89,78.89,2019-08-23,2021-09-23,762,367100160.0,Biotechnology
GTE,11.44,1.84,21.0,2020-03-20,2022-06-08,810,162513392.0,Oil & Gas E&P
JANX,11.42,5.85,66.83,2023-11-09,2024-12-04,391,1465769728.0,Biotechnology
FSLR,11.42,26.33,300.71,2017-04-03,2024-06-12,2627,17520451584.0,Solar
IMO,11.41,6.86,78.31,2020-03-18,2024-10-07,1664,36676694016.0,Oil & Gas Integrated
ARLO,11.4,1.5,17.1,2020-03-16,2024-07-17,1584,1410389632.0,Building Products & Equipment
ONCY,11.4,0.42,4.76,2019-10-02,2019-12-31,90,37407364.0,Biotechnology
GTEC,11.4,1.39,15.85,2020-03-19,2021-03-29,375,26917110.0,Auto Parts
MSCI,11.39,57.04,649.79,2016-02-08,2021-11-16,2108,43335778304.0,Financial Data & Stock Exchanges
LYTS,11.33,2.17,24.58,2019-03-27,2025-01-23,2129,474071104.0,Electronic Components
HOFVW,11.33,0.18,2.04,2020-10-29,2021-03-29,151,,Entertainment
XOMA,11.32,4.03,45.61,2017-02-10,2020-12-21,1410,300608544.0,Biotechnology
MLI,11.31,8.38,94.8,2020-03-18,2024-11-11,1699,8565416960.0,Metal Fabrication
ADCT,11.3,0.47,5.29,2023-11-09,2024-02-16,99,195381264.0,Biotechnology
CCJ,11.29,5.41,61.14,2020-03-18,2024-12-05,1723,22710487040.0,Uranium
JFIN,11.26,1.32,14.84,2022-05-11,2025-03-27,1051,672455744.0,Internet Content & Information
OMER,11.25,1.08,12.15,2023-10-27,2024-11-26,396,182222672.0,Biotechnology
UPWK,11.24,5.4,60.7,2020-04-03,2021-07-13,466,2134389760.0,Internet Content & Information
DSYWW,11.24,0.01,0.13,2023-12-26,2024-06-10,166,,Household & Personal Products
AJG,11.23,30.73,345.24,2016-01-28,2025-03-31,3349,86425567232.0,Insurance Brokers
RGNX,11.22,7.32,82.15,2016-07-19,2018-07-10,721,483546272.0,Biotechnology
AMKR,11.21,3.88,43.56,2016-02-12,2024-07-16,3076,4632300032.0,Semiconductor Equipment & Materials
ARBEW,11.2,0.25,2.8,2020-10-30,2021-11-11,377,,Software - Infrastructure
PN,11.19,0.36,4.03,2017-11-22,2025-03-04,2659,77490000.0,Solar
AOSL,11.18,5.88,65.72,2020-03-20,2022-03-24,734,632400000.0,Semiconductors
CCB,11.18,9.01,100.71,2020-03-18,2025-03-03,1811,1328475264.0,Banks - Regional
CSCI,11.18,29.87,334.0,2020-11-02,2021-02-08,98,11486912.0,Biotechnology
SINT,11.17,5838.02,65200.0,2020-03-18,2020-08-04,139,7646147.0,Medical Devices
PAVM,11.17,12.61,140.85,2019-12-10,2021-09-23,652,10740877.0,Medical Devices
CNET,11.15,11.1,123.8,2020-03-19,2021-02-17,335,3244692.0,Advertising Agencies
GCTK,11.15,28.71,320.0,2023-04-04,2023-04-10,6,4009992.0,Medical Instruments & Supplies
MTR,11.14,2.45,27.27,2020-09-24,2023-05-24,972,9224770.0,Oil & Gas E&P
LBRT,11.14,2.18,24.28,2020-04-01,2024-05-31,1521,1830080256.0,Oil & Gas Equipment & Services
EDU,11.14,8.56,95.4,2022-03-14,2024-03-04,721,7774630912.0,Education & Training Services
STM,11.14,4.8,53.47,2016-02-10,2023-07-27,2723,22521307136.0,Semiconductors
DAKT,11.14,1.75,19.5,2022-12-08,2024-12-06,729,763629184.0,Electronic Components
RR,11.11,0.37,4.11,2024-08-06,2025-01-06,153,246828608.0,Specialty Industrial Machinery
IRS,11.1,1.57,17.45,2020-09-23,2024-12-05,1534,1163613696.0,Real Estate Services
DXYZ,11.09,9.0,99.79,2024-03-26,2024-04-08,13,425948096.0,Asset Management
LNG,11.09,22.77,252.54,2016-02-08,2025-01-16,3265,50857517056.0,Oil & Gas Midstream
NBY,11.07,343.0,3797.5,2019-05-24,2019-06-10,17,3257653.0,Biotechnology
SYNA,11.07,26.45,292.85,2019-05-31,2021-12-07,921,2397915392.0,Semiconductors
RYAM,11.06,0.97,10.75,2020-04-03,2021-03-15,346,265094768.0,Chemicals
THM,11.05,0.19,2.09,2016-01-04,2020-07-07,1645,159343840.0,Gold
MMYT,11.05,10.9,120.46,2020-03-18,2024-12-06,1724,11048460288.0,Travel Services
AZ,11.04,0.85,9.39,2024-06-20,2025-05-14,328,312203712.0,Software - Application
EOSE,11.03,0.64,7.11,2024-05-08,2025-05-15,372,1349614592.0,Electrical Equipment & Parts
NNVC,11.03,1.52,16.76,2019-10-14,2020-01-31,109,22835860.0,Biotechnology
FCNCA,11.02,213.2,2348.85,2016-02-11,2024-11-22,3207,24264398848.0,Banks - Regional
DAR,11.01,7.92,87.18,2016-02-11,2022-06-07,2307,4982008832.0,Packaged Foods
VCTR,11.0,6.48,71.27,2018-10-26,2024-11-26,2223,4147135232.0,Asset Management
EVLVW,11.0,0.19,2.09,2022-05-09,2023-08-15,463,,Security & Protection Services
INUV,10.99,0.17,1.87,2020-03-19,2021-02-09,327,65649536.0,Software - Application
JBL,10.99,15.75,173.17,2016-05-13,2025-01-24,3178,17733394432.0,Electronic Components
SOHOB,10.99,1.9,20.89,2020-03-18,2023-06-29,1198,74888368.0,REIT - Hotel & Motel
SPSC,10.98,19.62,215.42,2016-03-24,2024-07-31,3051,5470644736.0,Software - Application
ATOS,10.98,0.78,8.62,2020-03-16,2021-06-25,466,112468320.0,Biotechnology
MULN,10.97,21060000000.0,230985000000.0,2020-04-02,2021-02-18,322,90009.0,Auto Manufacturers
GPRE,10.96,4.0,43.86,2020-03-18,2021-11-08,600,285795808.0,Chemicals
KC,10.95,1.9,20.81,2022-09-22,2025-02-14,876,3624003584.0,Software - Application
APYX,10.94,1.59,17.4,2016-05-31,2021-11-22,2001,55934972.0,Medical Devices
LUNR,10.93,2.11,23.07,2024-01-04,2025-01-24,386,1317627136.0,Aerospace & Defense
COCH,10.93,0.91,9.95,2023-11-17,2024-03-06,110,34122560.0,Medical Devices
ET,10.93,1.86,20.35,2016-02-08,2025-01-30,3279,60948414464.0,Oil & Gas Midstream
EVH,10.92,3.64,39.74,2020-03-16,2022-09-12,910,939200000.0,Health Information Services
IDXX,10.91,64.67,705.76,2016-01-28,2021-08-05,2015,40280920064.0,Diagnostics & Research
OKE,10.91,10.48,114.36,2020-03-18,2024-11-22,1710,51113635840.0,Oil & Gas Midstream
MPLX,10.9,4.92,53.61,2020-03-18,2025-03-17,1825,51703521280.0,Oil & Gas Midstream
TNET,10.9,12.12,132.05,2016-03-01,2024-04-03,2954,4022457600.0,Staffing & Employment Services
RDVT,10.9,4.52,49.29,2018-05-10,2025-05-20,2567,695143424.0,Software - Application
GKOS,10.89,14.81,161.22,2016-02-08,2025-01-23,3272,5418062336.0,Medical Devices
AGM,10.89,19.6,213.38,2016-01-15,2024-12-11,3253,1957008128.0,Credit Services
GCI,10.88,0.64,6.93,2020-04-07,2021-10-01,542,511061632.0,Publishing
LFMD,10.88,1.15,12.51,2023-03-17,2024-05-03,413,489470688.0,Health Information Services
RVMDW,10.86,0.07,0.76,2024-06-26,2024-11-08,135,,Biotechnology
KYN,10.86,1.22,13.21,2020-03-18,2025-01-24,1773,2032894592.0,Asset Management
PRSO,10.85,33.6,364.4,2020-03-23,2021-06-04,438,4099090.0,Semiconductors
SBSW,10.85,1.71,18.59,2018-08-16,2022-03-07,1299,4047712000.0,Other Precious Metals & Mining
REAL,10.85,1.03,11.18,2023-05-02,2024-12-30,608,568867904.0,Luxury Goods
ARCB,10.84,13.91,150.77,2016-06-27,2024-04-11,2845,1450789248.0,Trucking
AMBR,10.84,1.18,12.79,2024-04-29,2025-03-17,322,900828224.0,
NXRT,10.84,7.71,83.61,2016-02-10,2022-04-28,2268,1772725248.0,REIT - Residential
ISRG,10.83,56.36,610.45,2016-02-08,2025-01-22,3271,196079730688.0,Medical Instruments & Supplies
SKT,10.83,3.37,36.45,2020-04-03,2024-11-27,1699,3347686912.0,REIT - Retail
OSCR,10.83,2.15,23.28,2022-12-21,2024-05-21,516,3784499968.0,Healthcare Plans
GFF,10.82,7.85,84.95,2020-03-23,2024-11-25,1708,3205755392.0,Building Products & Equipment
PAMT,10.82,3.66,39.56,2017-04-19,2021-11-16,1672,264351520.0,Trucking
XBIO,10.82,4.9,53.0,2020-03-19,2021-07-29,497,4737916.0,Biotechnology
YCBD,10.82,209.3,2264.4,2020-03-18,2021-02-10,329,711222.0,Drug Manufacturers - Specialty & Generic
WMS,10.81,16.51,178.42,2016-02-11,2024-05-21,3021,8615050240.0,Building Products & Equipment
PHM,10.81,13.73,148.44,2016-02-11,2024-10-18,3171,19862317056.0,Residential Construction
LC,10.8,4.41,47.61,2020-06-26,2021-11-01,493,1128296064.0,Banks - Regional
XBIT,10.8,2.01,21.67,2018-09-11,2020-01-15,491,87499696.0,Biotechnology
DYN,10.79,4.36,47.04,2022-06-02,2024-08-21,811,1336723968.0,Biotechnology
RNA,10.78,4.87,52.5,2023-10-27,2024-11-13,383,3690322432.0,Biotechnology
CCS,10.78,9.84,106.02,2020-03-18,2024-09-19,1646,1592704896.0,Real Estate - Development
RUSHA,10.77,5.94,63.97,2016-02-11,2024-11-06,3191,3945484800.0,Auto & Truck Dealerships
FSI,10.76,0.65,7.04,2016-02-16,2025-02-14,3286,55016624.0,Specialty Chemicals
EVOK,10.75,76.35,820.8,2019-06-26,2020-08-14,415,5154547.0,Drug Manufacturers - Specialty & Generic
PUMP,10.75,1.51,16.23,2020-03-18,2022-04-20,763,571505024.0,Oil & Gas Equipment & Services
NEO,10.75,5.57,59.88,2016-02-12,2021-02-12,1827,952343040.0,Diagnostics & Research
MSFT,10.75,43.16,464.02,2016-06-27,2024-07-05,2930,3363744776192.0,Software - Infrastructure
PSNL,10.74,4.75,51.02,2020-03-16,2021-01-20,310,416894464.0,Diagnostics & Research
HLI,10.74,17.62,189.27,2016-07-05,2024-11-25,3065,12063160320.0,Capital Markets
MYRG,10.71,16.64,178.21,2020-03-18,2024-04-05,1479,2496221440.0,Engineering & Construction
GVA,10.71,9.32,99.88,2020-03-17,2024-12-04,1723,3775446784.0,Engineering & Construction
TRIB,10.71,3.1,33.2,2020-03-18,2021-02-16,335,14460295.0,Medical Devices
CPHI,10.67,60.0,640.0,2016-02-11,2021-02-17,1833,7306880.0,Drug Manufacturers - Specialty & Generic
LULU,10.67,47.91,511.29,2017-05-30,2023-12-29,2404,38156738560.0,Apparel Retail
IXHL,10.65,0.82,8.73,2023-10-24,2023-12-05,42,6225576.0,Drug Manufacturers - Specialty & Generic
ARBK,10.65,0.38,4.08,2022-12-16,2023-12-28,377,30589544.0,Capital Markets
BAND,10.63,18.16,193.08,2017-11-17,2020-10-13,1060,408049376.0,Software - Infrastructure
TNK,10.62,6.64,70.51,2018-12-24,2024-05-30,1983,1555212672.0,Oil & Gas Midstream
SLXNW,10.62,0.02,0.17,2022-12-28,2024-08-12,592,,Biotechnology
HEI,10.62,26.46,281.13,2016-01-19,2025-05-19,3407,32639864832.0,Aerospace & Defense
TMHC,10.61,7.05,74.8,2020-03-18,2024-11-25,1713,5739042304.0,Residential Construction
FAT,10.6,1.09,11.57,2020-03-23,2021-06-28,462,41683440.0,Restaurants
BTCM,10.6,25.5,270.2,2020-09-03,2021-02-16,166,31748460.0,Information Technology Services
EMX,10.6,0.35,3.71,2016-01-21,2021-01-05,1811,239742240.0,Other Industrial Metals & Mining
BDMD,10.58,1.05,11.11,2024-12-30,2025-01-13,14,181377920.0,Medical Devices
SCNX,10.58,1.92,20.35,2023-04-04,2024-07-18,471,11804760.0,Pharmaceutical Retailers
HEPS,10.57,0.35,3.68,2022-06-30,2025-02-14,960,912794432.0,Internet Retail
AVAV,10.56,22.28,235.17,2016-10-21,2024-11-11,2943,7610340864.0,Aerospace & Defense
COIN,10.56,32.53,343.62,2022-12-28,2024-12-06,709,65966043136.0,Financial Data & Stock Exchanges
SDA,10.56,4.1,43.31,2023-05-18,2023-06-01,14,309548640.0,Auto & Truck Dealerships
IRDM,10.55,6.17,65.08,2016-01-21,2023-04-21,2646,2737529600.0,Telecom Services
MNKD,10.55,0.71,7.44,2017-05-03,2024-11-06,2744,1267400576.0,Biotechnology
HESM,10.55,4.08,43.06,2020-03-18,2025-03-19,1827,8207747584.0,Oil & Gas Midstream
TRTN,10.54,7.94,83.76,2016-11-03,2023-07-24,2454,,
ETNB,10.54,2.09,22.03,2022-05-09,2023-06-13,400,1402906240.0,Biotechnology
GRYP,10.53,0.13,1.42,2025-04-08,2025-05-12,34,88520392.0,Capital Markets
CENX,10.53,2.8,29.49,2016-01-13,2022-03-04,2242,1474189056.0,Aluminum
IVP,10.52,32.63,343.25,2024-06-24,2024-07-18,24,8224480.0,Personal Services
PAM,10.52,9.02,94.88,2020-03-23,2025-01-10,1754,4540535808.0,Utilities - Independent Power Producers
AXR,10.52,3.66,38.5,2016-02-11,2024-12-05,3220,120025120.0,Real Estate - Development
LUCYW,10.5,0.09,0.99,2022-12-27,2023-04-19,112,,
REI,10.49,0.47,4.96,2020-11-04,2022-05-04,545,155286144.0,Oil & Gas E&P
ESOA,10.49,1.79,18.74,2022-07-18,2024-12-16,882,171357456.0,Engineering & Construction
VRAX,10.49,0.61,6.4,2024-05-02,2024-08-21,111,4515638.0,Biotechnology
MUSA,10.48,52.9,554.26,2016-01-27,2024-11-26,3226,8753796096.0,Specialty Retail
WFRD,10.48,12.65,132.61,2021-06-02,2024-07-16,1140,3298400000.0,Oil & Gas Equipment & Services
AIMDW,10.47,0.02,0.26,2024-09-27,2025-05-05,220,,Medical Devices
NN,10.47,1.72,18.0,2023-03-23,2024-12-16,634,1678793984.0,Software - Infrastructure
BYD,10.47,7.57,79.31,2020-03-18,2025-02-19,1799,5943240704.0,Resorts & Casinos
ADVM,10.47,24.5,256.4,2017-07-06,2020-06-23,1083,47421888.0,Biotechnology
GSAT,10.44,3.86,40.35,2020-03-23,2021-09-08,534,2317734656.0,Telecom Services
FET,10.44,3.18,33.21,2020-04-01,2023-01-25,1029,179606592.0,Oil & Gas Equipment & Services
CVGI,10.43,1.28,13.35,2020-04-22,2021-05-07,380,45372896.0,Auto Parts
PRT,10.43,0.74,7.7,2020-03-18,2022-06-08,812,46959600.0,Oil & Gas E&P
NSIT,10.42,21.61,225.24,2016-01-19,2024-07-26,3110,4260499200.0,Electronics & Computer Distribution
KPLTW,10.42,0.55,5.73,2020-04-02,2021-02-12,316,,Software - Infrastructure
HWKN,10.41,13.2,137.39,2016-02-25,2024-12-04,3205,2641808128.0,Specialty Chemicals
NGD,10.41,0.41,4.22,2020-03-16,2025-05-21,1892,3363318272.0,Gold
CXAI,10.41,1.33,13.85,2023-04-11,2023-04-14,3,21192208.0,Software - Application
TLSA,10.4,0.67,6.99,2020-02-24,2020-07-31,157,165924160.0,Biotechnology
NVO,10.4,13.92,144.81,2016-11-23,2024-06-25,2770,305184079872.0,Drug Manufacturers - General
STGW,10.4,1.02,10.61,2020-03-20,2021-11-05,595,1266140672.0,Advertising Agencies
ASM,10.39,0.28,2.91,2020-03-16,2025-05-20,1891,420662400.0,Other Precious Metals & Mining
DGXX,10.37,0.35,3.66,2022-12-28,2025-01-30,764,52646456.0,Utilities - Independent Power Producers
LOGI,10.37,12.67,131.45,2016-01-15,2021-06-09,1971,12877214720.0,Computer Hardware
LE,10.37,4.16,43.16,2020-04-03,2021-07-22,475,266474896.0,Apparel Retail
X,10.36,4.75,49.23,2020-03-18,2023-12-18,1370,9514126336.0,Steel
GOGL,10.36,1.38,14.29,2016-02-25,2024-05-21,3007,1515690752.0,Marine Shipping
DLPN,10.35,3.7,38.32,2020-03-18,2021-03-24,371,12061548.0,Advertising Agencies
TFIN,10.34,12.92,133.63,2016-02-11,2021-11-24,2113,1380351616.0,Banks - Regional
VNET,10.34,1.42,14.68,2024-02-05,2025-02-20,381,1743288320.0,Information Technology Services
LUMN,10.33,0.98,10.12,2023-11-01,2024-11-11,376,3908717056.0,Telecom Services
NRT,10.32,1.36,13.98,2020-03-24,2023-07-24,1217,40806220.0,Oil & Gas E&P
VCIG,10.31,1613.91,16637.93,2023-04-24,2023-05-02,8,10901767.0,Consulting Services
NML,10.3,0.89,9.2,2020-03-18,2025-01-21,1770,479334304.0,Asset Management
BNED,10.3,115.0,1185.0,2020-04-03,2021-10-08,553,357564896.0,Specialty Retail
FINV,10.3,1.0,10.35,2020-03-18,2025-03-18,1826,2176826368.0,Credit Services
MOS,10.28,7.07,72.63,2020-03-18,2022-04-18,761,11274390528.0,Agricultural Inputs
SMHI,10.28,1.49,15.32,2020-05-21,2024-07-16,1517,141243104.0,Marine Shipping
PXS,10.28,2.6,26.72,2016-01-21,2017-12-04,683,32086854.0,Oil & Gas Midstream
LITM,10.27,2.02,20.8,2024-12-16,2024-12-27,11,26834126.0,Other Industrial Metals & Mining
IGC,10.27,0.3,3.1,2020-03-18,2021-02-10,329,25857846.0,Biotechnology
STNG,10.26,7.96,81.64,2020-11-04,2024-06-27,1330,2087586944.0,Oil & Gas Midstream
JOB,10.26,0.19,1.9,2020-03-17,2021-02-24,344,22429664.0,Staffing & Employment Services
KBH,10.25,8.64,88.6,2016-02-11,2024-09-19,3142,3685667584.0,Residential Construction
DWTX,10.25,5.9,60.5,2022-12-30,2023-07-14,195,10186323.0,Biotechnology
IX,10.24,9.99,102.31,2020-03-20,2025-02-27,1805,23362123776.0,Financial Conglomerates
UNFI,10.24,5.43,55.61,2020-03-12,2021-12-08,636,1792723840.0,Food Distribution
RMBS,10.21,7.25,73.99,2018-12-24,2024-01-22,1855,5867917824.0,Semiconductors
ABEO,10.21,52.5,536.25,2016-03-01,2018-05-17,806,329960704.0,Biotechnology
TROX,10.18,2.22,22.61,2016-01-19,2021-10-25,2105,776463808.0,Chemicals
WNW,10.17,8435.0,85750.0,2020-12-15,2020-12-17,2,5734242.0,Internet Retail
AUUDW,10.16,0.01,0.12,2023-11-22,2024-04-09,138,,Software - Application
BMI,10.16,24.36,247.46,2016-01-28,2025-05-13,3392,7177180160.0,Scientific & Technical Instruments
RELIW,10.16,0.29,2.95,2021-09-20,2022-01-04,106,,Insurance Brokers
ISPO,10.15,182.6,1853.0,2022-02-03,2022-02-17,14,41302792.0,Travel Services
OPFI,10.14,1.62,16.42,2023-03-22,2025-02-07,688,983533568.0,Credit Services
PED,10.14,0.28,2.89,2018-02-28,2021-01-28,1065,58959584.0,Oil & Gas E&P
GLNG,10.14,4.29,43.5,2020-04-07,2025-01-02,1731,4016438528.0,Oil & Gas Midstream
VIPS,10.13,4.24,42.95,2018-10-29,2021-03-23,876,7434910208.0,Internet Retail
GCT,10.11,4.27,43.15,2022-11-02,2024-03-15,499,683710208.0,Software - Infrastructure
BSGM,10.11,0.33,3.33,2024-02-23,2025-05-21,452,80033248.0,Medical Devices
ETN,10.11,37.1,375.16,2016-01-25,2024-12-04,3236,126127726592.0,Specialty Industrial Machinery
VSEC,10.08,13.26,133.69,2020-03-18,2025-05-19,1888,2671558656.0,Aerospace & Defense
ANTE,10.08,2.56,25.84,2020-05-15,2021-02-17,278,23309808.0,Advertising Agencies
SERA,10.08,1.16,11.69,2022-12-28,2024-04-30,488,72324672.0,Medical Devices
SKYW,10.07,12.01,120.92,2020-03-18,2025-01-31,1780,3979544320.0,Airlines
CTXR,10.07,10.5,105.75,2019-12-04,2021-06-21,564,7007694.0,Biotechnology
VHI,10.07,8.91,89.76,2016-02-10,2018-04-26,805,421875456.0,Chemicals
TFII,10.06,15.91,160.06,2020-03-18,2024-04-09,1483,7349211648.0,Trucking
RGLS,10.06,0.79,7.98,2023-03-27,2025-04-30,765,548334016.0,Biotechnology
SAM,10.06,129.9,1306.45,2017-06-27,2021-04-20,1393,2661107456.0,Beverages - Brewers
RYDE,10.05,2.03,20.4,2024-04-15,2024-09-10,148,6294378.0,Software - Application
WAFU,10.05,1.26,12.66,2019-11-20,2021-03-26,491,6527629.0,Education & Training Services
AMZN,10.04,24.1,242.06,2016-02-09,2025-02-04,3283,2135170351104.0,Internet Retail
TER,10.04,16.56,166.21,2016-02-11,2021-12-27,2146,12669972480.0,Semiconductor Equipment & Materials
XXII,10.04,18137.52,182088.0,2020-09-11,2021-04-28,229,6559462.0,Tobacco
BEAM,10.04,13.31,133.6,2020-03-16,2021-07-01,472,1731591424.0,Biotechnology
SRRK,10.03,4.66,46.73,2022-06-01,2025-01-22,966,2916728832.0,Biotechnology
